l7GQ-fR-DsA	tea
Brqv7-rpdTQ	teach
Qy_q0sAucuw	teacher
kqc7eglNJvE	team (sign 1)
0REGTy6eqSc	team (sign 2)
ie88hOTzHTk	technician (sign 1)
ZUL1-j2VL6w	technician (sign 2)
nbJBh7lzl30	taxi
IATnhKazi7g	technology
J0Jx4BIuGn0	television
iu7j255lYQU	Telugu
TjSYqjfk-lc	temperature (meaning) (sign 1)
mxOt9rKB_ak	temperature (meaning) (sign 2)
TJeHXGVDCms	temperature
rAUcd8-2e3Y	temple
vJy28p55lkQ	temporary (sign 1)
Ujw6xa-mmZM	temporary (sign 2)
S0nGLXH4H5Y	tennis
i-W0qokTIeM	mechanic (sign 1)
FhgAT_pNTIE	meat (sign 2)
eBn_I264LVs	measurement
WNcSoq9M-FU	maximum
4imVoSmU5vc	Mauritius
f--3Qilcxvs	maternal aunt
naUuqfBUvU8	material (sign 2)
z7fqi4_fZvI	material (sign 1)
Lj9L7fUElLE	match (competition, sports)
7vVeFsNN7uA	mason
975SGXvNf0M	Mary, Virgin Mary
Ov-hdZ4oacg	marry, wed
U4dnLRpeTN8	12 twelve
eSFyfkFVTIU	10 ten
4tKpSwmWzRc	10,000 ten thousand
QXQ8ILhehkI	13 thirteen
2iWRUv6eMls	20 twenty
6wXGUZtHp5w	21 twenty one
LOJcAGPKq50	30 thirty
esXJDDt2w7s	tabla
-pH80nLq8FY	table tennis
YQflbkaOx2g	table, desk
DDusbrXIyaA	tailor (sign 1)
Sh3P9rHIKOM	3 three
b_TvDsf97GY	2,000 two thousand
MhHOduyqKv4	2 two
46EMlBxuYAU	tailor (sign 2)
UNNkbxYzexA	Taiwan
DD9K1ojKj_k	Taj Hotel
lL9bFfJ9t9E	Taj Mahal
Ah8zB8BQYek	take a bath
KmyrsfHCcPI	take a long time at something (example)
q0NQtFrQljs	take a long time at something, take hours at something
_erfAmrdyIM	take a photo
Cw13fIyVSNA	take
vYPkgKmRa6k	talk, chat
63LBwsyLl5s	tall sign 1
BvOKe8KiGPU	tall (sign 2)
QF_QXmNelLk	tall (sign 3)
fJyBgRTcBhA	tall (sign 4)
HCLav_Tthvk	Tamil (sign 1)
wMlY1TQZA2A	Tamil (sign 2)
ejX8KhT7JRY	Tanzania
1Mh8DMTca88	tap, call
IGR8WsvfoXs	tap
tq85NQ0vOkA	tape
p_jV4LqTBws	taste
qTKpCqiDQZI	TATA Car
816BojVf1nk	TATA Mobile
Srl_Gk0vjLE	tattoo, inked
RGDTXsCvZBQ	1,000 thousand
eDr6D34kmcU	vote
gjpsKc4rYEM	volleyball
tkO1_qURjXM	volume
1iqG_Rkp7f0	Volkswagen (sign 2)
ObwZnI075E8	melt (candle) (sign 1)
0msmxYxchSc	meditate
tm_qJX6hHFg	voice
bh3kxVL3EWA	volcano (sign 1)
qriQ0SvqUq0	volcano (sign 2)
_5ISkq46e4U	Volkswagen (sign 1)
IioAwnwu91s	Mali
pHgHQOTWz-U	many, numerous
2lPUKkvlZvE	mean (sign 2)
VRhdtFEOlXs	man
2cCGTlNYZCQ	Manipur (sign 3)
JC80hJOObmg	mango
07jCt4FqQxY	method
I5IcpZp0BfE	mean (sign 1)
L8RxN_IwuxU	marigold
46tD7Du6BNs	measuring tape
JtykP_hFReg	message (sign 1)
2QrMULTorPY	Meghalaya (sign 1)
kZneFf1ONo8	melt (candle) (sign 2)
siXvRrMuC0s	manage, administer, handle, operate, supervise
Ohcc1XNi-s4	meeting (sign 1)
MiGluii6UII	Maruti car
i5FfdjLi5IQ	magic
3vXJ605MFbU	maybe
N0lQZi87koY	meeting (sign 2)
N05i2V0_8kI	Malaysia
CELYbb3X9fk	mechanic (sign 2)
5WFDWbMDynQ	vodka (sign 2)
hCyqeJeKGyI	vodka (sign 1)
E5mWb7nGYmQ	Vishnu
R6KdIjSPkvo	vision (sign 1)
0hhs7A5uf3E	vision (sign 2)
sPqivRKBiNc	visual
XzRvTWXXufk	Vivekananda Rock Memorial
df3ewqju9L8	vocabulary
CHt94rpZVOI	Vodafone
GyhrF2L7s74	vocation
__Rz2PaTB1c	Malayalam
6Jc3GEN51ks	visa (sign 2)
8m3p1BEhCUw	virus (sign 1)
Yympd7Zsia4	visa (sign 1)
XjXXmj-9kFE	virus (sign 2)
8Tsv4klWWuY	mechanic (sign 3)
Jd3to2MXy6s	medal
o_Dvm4U4sLo	make (sign 2)
w2bUy2rPYPI	menu
4ILXbXTUUp4	menstruation, menses, menstrual cycle, periods
EqGyUaKwRjg	Virat Kohli
onsdyXAWNqY	violin
1dzqHHOtvXI	Vietnam (sign 1)
u0VMIS7wC-Q	Vietnam (sign 2)
Lkztp3ZDShA	view, perspective (sign 1)
UgR3sxHLsDg	view, perspective (sign 2)
77A4jL_zT1I	view, scene
sTrWqNmE5HA	village (sign 1)
U-dEobzY4o4	village (sign 2)
YIns3vxfhnk	male, masculine
XwQxJ5FXoQ8	May
0Xhmme0IrvU	mature
NEm3d_l7G58	Mahendra Singh Dhoni
HnmjmqSfmPs	make a long story short (meaning)
B4_sWGyQgrA	maths
b-Oi5Oa5TIA	message (sign 2)
5ye1yjh3Z20	make a long story short (sign 2)
yTmK54y80bs	Malawi
wPTa0UQJY_w	measure
922S3GXI7eI	meet
fCJA3uu02WA	melt (ice)
GXpfHLOLU_4	Meghalaya (sign 2)
pi57mKwYBNQ	make (sign 1)
pFwwq-q_VTk	make a long story short (sign 1)
sjpdu42KxwI	meat (sign 1)
NZXhDTubUiI	videographer (sign 2)
jWuOEGUh5v8	Vidyasagar Setu
2CbOSGxS80s	video relay service (VRS)
Iub1Yb-tOAI	video (sign 2)
cW1Vl1AqGzI	video (sign 1)
r_xF77i3RGw	victory, success, triumph (sign 2)
Zr3LQ0FwcUM	victory, success, triumph (sign 1)
sErgS9d1UdM	vice president
VH9BKxQgE4I	veterinarian
AygZ8ATgf_c	Vaishno Devi
K3pj5alsYHc	valley
3xKJDf869EY	value, worth, merit (positive)
HtG9j-D3n8c	Varanasi
L1m5VhGiv_g	variety, diversity
8WAJ_vejYOo	vegetables
uIJEGc6U5iU	vehicle
Q-S63Q62ZiU	Venezuela
GOwke9T4QOU	verb
Ky8LfzgWGDU	very hot (sign 1)
RwdFk6p7tyo	very hot (sign 2)
ILv9XMPLqoo	very wealthy person, magnate, tycoon
nweVa6JYyYw	very
VV3za4vmTTs	vessel
DfokHjizYRY	valley (meaning)
dQd7vQzxfJE	Vadodara
7BK0J1hZ7_Q	vacation, holidays
WxIEetxTkzk	Urdu
qCoHkpGP5CA	Uruguay
MmrdlTXfNco	Uttar Pradesh
3X7DZIiH2ZQ	Uzbekistan
T--ANw8Oxkk	Uttarakhand
9sK2PFaxoHw	upset, disturbed
rn4NJPtL1m8	up
jMT-IXiUqYU	unofficial
XdGYd0-mOy8	unlimited, boundless, infinite
VYSankCl2f8	university
j1ggaP_d2cs	universal design (meaning)
pvCPTa5YUSQ	United States of America
-x6DzWY7lmk	United Nations
_vlN9I_YSG8	United Nations Convention on the Rights of Persons with Disabilities UNCRPD (sign 2)
tEJlKXA7Lkg	United Nations Convention on the Rights of Persons with Disabilities UNCRPD (sign 1)
RhS6nAUP3C4	United Kingdom
D9jI_HByl1Q	United Arab Emirates
5y87G_irytQ	unite, unity (sign 2)
Ni3iHE6bas8	unite, unity (sign 1)
ZzpQw5V7gD0	understand, comprehend
TmsgikIaXu4	understand, comprehend, grasp (sign 2)
dPSB-HxRET4	understand, comprehend, grasp (sign 1)
Cqtgx6BSkRk	umpire (cricket)
qMD3sfogugU	unemployed
G2Lhs-1HRys	uncomfortable
aIJKbhWx3So	Under the weather
-7IkPH6iIQA	uncle
ZThUGVQhL08	umbrella (sign 2)
1xTATM3v8k4	umbrella (sign 1)
j-qHEAz6J6A	Umaid Bhawan Palace
mLANykny44w	Ukraine
3lMNHGXNQ3Q	Uganda
n0NXSLz7Skk	wrong, incorrect
8arkJfd_jyQ	writer, author
UFePdoNR_KM	write
Z_aF7Dndg5o	wrestling (sign 2)
dWeSkZ2K4TA	wrestling (sign 1)
0zTZkTkBAoU	World Federation of the Deaf Youth Section (WFDYS)
wMm24t1NrcM	worry
5buFHMBPDy4	wound
Y1qTt6mL5ck	World Federation of the Deaf (WFD)
Y1qTt6mL5ck	World Federation of the Deaf (WFD)
9bU0eltCrYQ	World Association of Sign Language Interpreters (WASLI)
tKmXdtC6FLA	workshop
FlZ8Xekr-JA	work sign 3
0TGJCFJv2iU	Mahavir Jayanti (sign 1)
qoGtYKREfLY	Maha Shivaratri (sign 1)
DTWS5Oy3kcY	Maharashtra
YMuk_8H4EWM	Madhya Pradesh
x-lubm0ha08	Mahatma Gandhi
3ncXcBiwveA	magician (sign 2)
OQ1e6lpNybo	Maha Shivaratri (sign 2)
AJenZvPmsXY	magician (sign 1)
eGXitOKnND8	Macau
cj4nM0IFGYQ	Maha Shivaratri (sign 3)
Vc81XotPSFs	Madagascar
VLeir-T0xmU	magnet
1vpIZUFKZpQ	lunch
RwIFUiFGMGw	luck (sign 1)
S_Dj4XBbbzM	Lotus Temple
2LLe-kRAu0o	inauguration (sign 2)
xMvpodrz6dM	idea (sign 2)
uE8YfF7bTGM	identity
XeV_Qqks978	illegal, unlawful (sign 1)
gG-xmfo-y3A	immediate, instant, swift
oUcoHPxXsbA	ice hockey
1f6OchgCQrE	I, me
kZnl4XgNVgU	increase (sign 3)
BLazXqvPnKk	in
k9C_uq11Ja0	increase (sign 1)
-NXGOOSb2sk	increase, augment
zzsrMEMxAUU	inch
RUKgTVVuVcg	increase (sign 2)
upaDJQnr9nw	independent
5Z_Rm0W-HgE	Indian Sign Language Research and Training Centre (ISLRTC)
e8r0Tt42W7Q	infinite, immeasurable, limitless
7kEbmn2BWIA	India sign 4
2MvrW4Vw7ZU	Indigo
5zBLuemgyH8	individual
DPFh6Vtj8nY	Indian Sign Language Interpreters Association (ISLIA)
gvFkCJni120	Indira Gandhi
1yVn9e5zDKU	Indian Sign Language ISL sign 2
tq8jQqoHYFA	Indian Sign Language ISL sign 1
ueiJkNzXxzw	influence, affect
gOHt4silLhA	India sign 5
H4pn0Iqrg8A	inform, apprise, notify (sign 1)
ELCvZrWheyk	initiative, drive (sign 2)
J4G3ltp807A	inform, apprise, notify (sign 2)
oqq2I0ePK3Y	initiative, drive (sign 1)
yB2sJTE2Mek	insect (sign 2)
xSAoWBeLvfo	injury
GXhOBQRBsb4	Instagram (sign 1)
XhewfEcC070	innovate
_g40sO4Upvg	Iraq
P8c9TRiU7HI	invite, welcome
r607N-5gkHs	iron (metal) (sign 1)
AilePB-_EKE	It's a piece of cake
OB6FvmCHsDg	invent, create
yYf_JyfDvLU	Ireland
sfpvbKAz4Oo	iron (metal) (sign 2)
p2tLsgPiaWw	Iran
SB50UhgrFMY	Islam, Muslim (sign 2)
lV1k10LuRGk	intelligence, knowledge
lQyrTnOO4XE	Instagram (sign 2)
fGyKwTrS88U	lift (sign 1)
ZaBfhzfL_II	long jump (sign 1)
Pq-OLkv13Bw	light (electricity)
8biyNZmIKsk	limit
rbu6XJFG-uI	livelihood (sign 1)
OSRpGh3d0cI	lifelong, long term
i_zyHcuPs6s	light (less weight)
v3hY00Fy7rE	library
nWsRyI0iqEQ	lift (sign 3)
T9eBnmIRtqg	like
WKgIi8YdHtI	local train
F9JOa0fXPI4	less, few
EvwF_HCmPxY	LG Mobile
4BNqHj-lQaE	list (sign 2)
nkox-ajvLnc	lift (sign 2)
MFWHZG1Xnr4	livelihood (sign 2)
HnydoJ4McR8	litre
x-uAyPToZMs	license (sign 2)
wKDAEDyBAY0	life jacket (meaning)
Zb_TG66NcQM	Libya
71MQl0F0_No	letter
oEegSY9O_AI	long jump (sign 2)
LH_-eRo-vYw	list, points (sign 3)
ZcVzjZeVwj0	lock
RPzCiRXVcr8	little, meager
1TiirpYN_W8	line
u7dV3wCpaqM	lonely, isolated, alone
bbWDUkaUXLE	lightning
GZi36Nr1AXk	lentils
Tfxp43vVHpY	listen (visual)
Bc_Km33uz74	level (sign 1)
zSst5y5j_fI	lips
gnQLgdWLk0c	Liberia
ea8VG_U1OM4	live
UPBonZ_8HIM	life
7lcNAWEHBmA	Let someone off the hook
XFG6tJjEar8	lie, false
RhEpVt-AEK8	lion
0xVWH6F3Fz0	lose
ArrUPiaqzHA	license (sign 1)
kKCEuKZ3lV0	list (sign 1)
Y0G5Sqs-lYw	librarian
uOs0878HhR4	license (sign 3)
f1U4dYb9r0A	listen (sound)
a4hj7imNy64	Let the cat out of the bag, Spill the beans
lypZOubhfds	link, connect, associate
N6DxyKcaZVs	lighthouse
Cgk-fX-KFhw	livelihood (sign 3)
WlhFpHM7lYY	look, gaze, see
CDd6olbtjWE	local
prb13TWFfLY	logic, rationale
0EiwsY7ofnA	long
lZt6lnBA9Gc	level (sign 2)
UPh2mJTMLIQ	lollipop
eO-TvyY-J_o	wood
oEb4cNh9cng	Israel
oX-Mo3au4eY	international (sign 2)
PJL-GZq0Tlk	involve
WaTcrOr3-gk	international (sign 1)
U_I4IzFnhdw	itch, scratch
7kHhJbwb-xg	interest (finance)
TR_tbUxLUco	it
IctKxBrrjJI	interpret, interpreter
N5icmuz-NIU	irritate (meaning)
-nITY8LhYgc	iron (clothes)
5xLVmxL3p0k	Islam, Muslim (sign 1)
Zj_vIX40c4U	internet
TirzXnBaSt0	Italy
vFZMA4_VtAY	iPhone
qiK-4WwmTNg	island
6gXuMMAxOm0	interest (sign 1)
wfHGKTc0WuY	wool
QSdgD2M4Xdw	word
t9pvXOgaJe8	work sign 1
1EoEG8Pvc8Q	wifi (sign 1)
Ir-Qe2kkROw	wifi (sign 2)
AXkvz_N39pg	wifi (sign 3)
TXtLoo3D-xQ	Wikipedia
fC-PT3F6GFo	win
ADtWeEnpLfY	wind
NQ7Gnl9nRuY	window
rCfYRtWfYVA	wine (sign 1)
Bo35LBOce64	wine (sign 2)
nqH15OqXPnI	winner, victor, champion (meaning)
9tph00_pAf4	winner, victor, champion
NQTfv_uhpfg	winter
EJ0UG10b714	wise, intelligent (sign 2)
U-DAmE4tzo4	wise, knowledgeable (sign 1)
LYQL5Is2IP0	without (sign 1)
9vvemJ0nr-E	without (sign 2)
CoxdEUEw9Lw	wolf
zJmlqjm_b5g	woman, female
N53qGezr7MU	woodpecker
2WaoD5fHm90	It's not rocket science
EpxAKEtJbdI	itself
yoG_mrM8Hg8	It's raining cats and dogs
5Qu6asXdlFs	interview (sign 1)
Dywl939W0wU	introduce
BX15HPM6TzE	interpret
fKwQPZnzJCg	Lenovo
pNIc3-tZCr8	it, this
syK7APT1R4w	interest (sign 2)
STdeLMDk8Sc	jacket
e3c5fUAhX2Y	Jaipur (sign 1)
jB1wqkujn00	jackfruit (sign 1)
98QpyN3f8ZU	jackfruit (sign 2)
JqUNaUjxigE	job (sign 2)
0wbIDvSCi4E	John Abraham
YHl7zDSdzVE	javelin throw
P9GAmYhGhJ0	Janmashtami (sign 1)
oksjclh3Z3M	jobless, unemployed, out of work
hXHLEKBaaNM	jobless, unemployed
ZES6f5bu19M	Jantar Mantar
SJxqZH9B3zw	jaundice
Fq_93YDbQ6s	jealous
Y0-DjFLQcLw	jam
PWi1hx2Omgo	jewelery
JSEGoqKaQM0	job (sign 1)
y1hvKgvxm5Q	What happened
04qLwQo-2MM	What is your name
emLsUwqTcMU	what time
4accXsYqRnA	what
J79s05Z0NZ8	whatever
tHNhqhFdMgQ	WhatsApp
mPZ37Qlg4B8	when (for days)
8wgrPnyzpMw	where
H0G_jCcuCWU	which
aVXHUzd1cW4	while
cGIpxkvYfys	whistle
kPx4MXMIFZI	white
kBaDVYUWeoc	whiteboard
O8jMsqDMiRE	who, whom
_DzQr-7t3Wo	why (meaning)
m4fQZijBvjo	why (sign 1)
7bqtiz4KRnE	why (sign 2)
w87_PYaYQz4	wicket (cricket)
dm6hv7A_XGI	wicketkeeper (cricket)
3Rp9c3S9HiA	wide, broad
podfgBVY9ak	wife
7h45o7GDrlo	Juhu beach
KXNl6DtK84A	jamun
zdGKXf_2HFA	Jama Masjid
Ld9qDys95es	jellyfish
63ziYT2F6ps	jasmine
dSF64aB7oIs	juice
m1LyTLlhmvA	joke, funny, tease
8JwPiK_tqTA	Jet Airways
IWCiPFCUzI0	Janmashtami (sign 2)
LwD7BG_zdXM	journalist, reporter (sign 2)
jLV6SCP_7tA	January (sign 1)
KyAcip_a8Lg	Kareena Kapoor Khan
YfbeV360wAA	kajal
WP5T6GzCCy4	June
BYY1nIP7J-E	Kali Mata (sign 1)
EvZvymz1nRo	karate
181pBJw-eWg	July
X-yEakgxzbs	Kali Mata (sign 2)
ofZ6Jo2XUn8	Kathakali
26vEFQYbzvc	Krishna
2-6FnMinc3U	knife (sign 1)
jTBahbE4_OY	know
EKp6wIukZRc	kilogram
uHAhEiTlj_M	knife (sign 2)
5abyQsJRQIY	kidney beans (sign 1)
kEMFrD53l6E	king
5c0M_nkTsmg	knock
LUZ-fo_p2eM	kiss
chPdC6gwibQ	Kumbh Mela (sign 2)
5RD0XpWkclQ	kilometre
2XbRuRKOfRE	Kuwait
Rs0EKMMQqPI	Kenya
iLrSnUDmfC4	kite
1G3VZ_HWTWI	knowledge, expertise
N0-cIcGCH3A	Kazakhstan
o610N3lN8Zo	Konark Sun Temple
x3nuREvEwis	kick out, eject (sign 1)
pCBCoT-2Bb4	kill, murder (sign 2)
FathKZe6_LI	key
OXmN5c7MCUk	Kumbh Mela (sign 1)
SHsq8VSKV_M	Korea
DTOsm_OuWLM	kind, kindhearted
3WEkK4AaiV4	kidney beans (sign 2)
QYaPv88J2iE	kitchen
ddpIUqF0dEg	kill, murder (sign 1)
WdBygG07nkU	knife (sign 3)
dT9dCqGuDCE	kick, eject, fire from job (sign 2)
B3ViGdozfp4	kidnap
JjDVZDpPjbc	keep, hold, retain, store
WuoR5g21H1Q	Kannada (sign 2)
2tp3AspW6TA	Karnataka
nbVI64uJFks	Kannada (sign 1)
VbRmhM7sUGo	wet
inBVDyEiUDk	west
3GlZqV3RSp0	jump
Fn6sZi3HUus	join (sign 2)
M9dzu-DC9Yg	Judaism
6s4UdZ5D58o	January (sign 2)
T45Hsn9ABV4	Jordan
fR8uxOsE2Nw	Jawaharlal Nehru (sign 1)
46eCCVvkyIc	Jawaharlal Nehru (sign 2)
MhZrm3H1aBE	join (sign 1)
AfgaiVsTy_k	journalist, reporter (sign 1)
xzu_Y3NfigY	jeweller
aS2e07FE2uw	Jew
xsYfnkJBmUQ	Jesus Christ
lQpBuFX4L1I	Jamaica
UrDzxGca4Vg	Jal Mahal
GgsIWmqqgoU	janitor
LVqnqzIAFGg	Jammu & Kashmir
0fKqgIRvg-8	Jharkhand
QCO3RRkzzJg	Japan
y4CEIJJVt64	jalebi
ODRI_ATiWnM	Jagannath Ratha Yatra
tDtdGkG9-OE	Jainism, Jain
atyCov9u9no	jail
HK6mbwMGSew	insult
FYU1yAIBMKk	instruct, teach
EkaFWDZrh2E	instigate, incite, provoke, spur
wFVLswbyZOc	insurance
0O7xxbvMct0	institution
rUXhFDo3Bv0	intelligent, brilliant, smart
McHijMoln7U	intelligent, knowledgeable
k3gjXKD3_XU	initiative, drive (sign 3)
1qV27cyAjEY	insect (sign 1)
4pCZtQ36l1k	informal, casual
lqPqubp-3IE	inspire
E6yxMBZEYhs	inform, apprise, notify (sign 3)
UJHjwQ7yclM	welcome (reply to thanks)
s7U2zrpRFD0	welder (sign 1)
fvn1QE0yfPE	welder (sign 2)
lY5wzI7a5CE	welder (sign 3)
cXX9Fqj1fuE	well (water)
K0VsSQMEtMU	West Bengal
HJVvCxf2J4Y	West Indies
KsNrhfiqWHc	weave
wBCqfnnNfSo	weaver
Tv1bOlYSqYI	website (sign 1)
0DYcaZmhlkY	weather
SJaqmqaD77k	website (sign 2)
INYvz3YRvT4	wedding reception (meaning)
zsfMMuKrUUg	wedding reception (sign 1)
pdCmQ4U7C7c	wedding reception (sign 2)
_rHStCQCPno	wedding
Ni5kmFuBXzI	Wednesday
EFuaKRVN4Yw	week, one week (sign 1)
sNYOD_Qd7Mw	week, one week (sign 2)
5ToU3NVFX_Q	weekly (example)
95KlTHhKlmk	weekly
sJ6Zv0fi1xM	weight, weigh, weighing scale (sign 1)
lDO3r1artKs	weight, weigh, weighing scale (sign 2)
qjnZDMjWiuk	weight, weigh, weighing scale (sign 3)
4LndvMQ2dO0	weightlifting
tgJL-RUAvO8	weird, absurd
MjRPq3GCSZk	weird, odd
tcHUMXaIuw0	Indian Sign Language Teachers  Association (ISLTA)
5p0_OOFy_NY	Indonesia
FdxGN0ru6F8	India sign 3
DSr0qd_JY8w	India Gate
dkwDWRmVwUc	India sign 2
VAhELbOjQFc	India sign 1
ui_ACRhp1jY	incite, ignite, inflame, instigate, stir up, provoke (sign 2)
rQkxqEgXEYQ	include
lts3gE45zV4	Independence Day
rj0GN2scIsU	in, under
hTxZxP5ypNk	image, photo
xgKs0R0K6M4	impure
RxqkJA2EG0s	identity card (sign 3)
eBiQCRMwX1A	illegal, unlawful (sign 2)
M-sKe4o73uE	I don't know
Xbglx4_9h88	Iceland
go4BoZ5lX1s	ice cream (sign 3)
yBu6pCi5gag	iBall Mobile
a5kEZgbaT7w	I understand
qoU45G2WmsE	wear
4rworePKeMo	wavy hair
wru3RdDTafg	waxing (hair removal)
X5CuJTOY2g0	way (sign 1)
b9W1y77hDSc	way (sign 2)
qJ25qL-gfX8	ways, methods
h58uVxY-2uE	we
KtYQWbd8c2c	weak (sign 1)
nHdz1IK9ydw	weak (sign 2)
Yz6em7jgxK0	weak
krnKXV-ct3Q	wealthy, rich  affluent, well off
M-aaJfrtvaA	weapon
LNVUK4DX5GA	wave (sign 2)
IPUJ9bHGQgM	waterfall (sign 2)
zZs0BXEssdQ	wave (sign 1)
3qKiJRMOzsc	watermelon
T4-Q9pABqYs	waterfall (sign 1)
SlORjr0kUM4	water
7RjhIe4sKm0	washerman
rc7GRaEyQHQ	washing machine
pyrA60I4x5k	washroom
YT73Lh88yeE	waste
Roh9CQ2tF3Y	watch, guard, keep an eye on
yjI4oup9SFU	watch, wristwatch, timepiece
bIha_uKKc-U	water filter
tDtIQ2M-GRo	water motor, water pump
_prgaw9obbQ	wash (utensils) (sign 2)
Ika-iBJ4-Ns	wash (utensils) (sign 1)
eZ1NWsWssI0	wash (meaning)
Ygj0IRouWKg	wash (hands)
OkC4seOp-00	wash (face)
hUlyxPexDU0	wash (clothes)
1tst7-aazJo	warn, admonish
uhJRFZWXPEo	warm (sign 2)
3muHDD0neyo	warm (sign 1)
Gpjn1Iun6CI	warm (meaning)
6bhBP3kbyds	war (sign 2)
VfN66I8-KEk	war (sign 1)
Zux-Hazhhqo	want, desire, wish for
zyvgHgT6d7c	heart, love (romantic)
gQ_YY5vF99k	hear (eg. news)
0QITb6bNnHc	hearing
0uvuluJqqAM	hear, listen (sign 1)
AaHFB_q7AO0	headache
TIr35oN6iSE	wallet
runWN1EzmEE	wall
Q1FtAjA_raE	walk
Hk0qqXk8-nU	Wales
M24VjuHEfgo	Wait
I3haAOluERo	WAIT, HALT, STAY
DQpcpMqTpjk	waiter
9xgeOH9Jl9U	wake
fKOF7hN3cws	waist
dQABEhftkDY	zoo (sign 3)
F9xcw575Q-A	zoo (sign 2)
ws_qjks_TFo	zoo (sign 1)
qm7nogtX_GY	zip (sign 2)
CLxxQFQiTic	zip (sign 1)
x-Bc7ssevU8	Zimbabwe
b9Ad8smAqhs	zigzag
DCjd5dJLuF4	zebra
2yDcFJQ3t8Y	zebra crossing
wsWElJBdZcA	Zambia
JHyzbf0wbL0	YouTube
u2IcV4xxNSA	youth
jTiYeNeaS-s	Youth Association of the Deaf India (sign 2)
C5lKWeivlFY	Youth Association of the Deaf India (sign 1)
ZY-WTPLbMZc	yourself
Yc0Mx7DJ_Io	your
Ctij9uzbRTU	younger
WoNO_8tWHBQ	young
whLOS_LCl9U	younger brother
BauK2i6mmK4	younger sister
JYD8B88hxtk	You can't judge a book by its cover
QE4UkDB3MyE	you
LAT-u9Ww5ZU	yes (sign 1)
MXmTYGHWvvE	yes (sign 2)
3fKtgE9aQso	yesterday
yuJ6ZBt0MBw	yoga
doW1fga72Kk	yellow
oMptigXjs8w	year
LfNnApnUb0k	Yamaha Bike
5pRxQFocP7I	yak (sign 2)
lZi4g6ZWBro	yak (sign 1)
X4Vs1TVkNss	Yahoo
_Zk6T8osdEc	xylophone
pwGHjBM_o0A	0 zero
O6YJgD20e2g	bye, goodbye
u3556HSSZS8	By the skin of one's teeth
C-rIgD-yIvg	busy
8wI11m_OvYo	business (sign 2)
vt86EMAaXHM	business (sign 1)
QmCEr-G9Nug	bus conductor
I9OiCuVT6TQ	bus (sign 2)
HufgJPpb1kQ	bus (sign 1)
cigrNp7NbVY	bury
KoMeOserJ2M	burn
7c7A8VNHDg0	Burundi
vVylNakRi6s	burden, overload, strain
TK3H8rmoV1Q	burger
o9vIJZ9h9dQ	bullet train
GhK-KsZ6mlo	bull
TickiRU7XxU	bulb
s6BX-UjWPDQ	buffet (example)
oQhxACPhL1k	buffet
7n50MsM5c7A	bugle
Uuid3jSp7Wc	Bugs Bunny
UtIn2Jira9w	builder
Oql_D1R8kVE	building structure
lpFt9c1GueI	gold (very valuable) (meaning)
1rjhkQSKHSI	gold (Sign 1)
R6ILTJGPlUo	goldfish
8hPNnF65IMg	Good afternoon
z3C2pnumALw	grandfather
1sZ4BSOC8nc	grandmother
yQXFOVuS7r8	green
-MS1EdYqs48	Gujarat (sign 1)
BU67b7LtyE0	Gujarati
1s1kck3BMLM	gulab jamun
Z6JNDTUxfUc	grey (sign 2)
VkrF0Q4fWRo	group
pMUP28lpEtI	grow (hair)
Eg7eVi4c11k	grow (humans, animals, etc)
18NS94mBGS4	grow (plants)
XDNgMT4swe4	grow (snake)
08z_-ESgSP0	bucket
3v5Id7dDttk	Buddha Purnima
M0bcUWG8vrg	Buddha Statue, Hyderabad
Zgt1aed1imY	Buddhism, Buddhist (sign 1)
Ot-XctUkMY8	Buddhism, Buddhist (sign 2)
ADOlYPfw_T8	budget, funds
nGk01dUfQo0	buffalo (sign 1)
I4pibKfr0jU	buffalo (sign 2)
_OCCVPF3icI	buffalo (sign 3)
yLpc_-hWZAA	BSNL
YTwtf3S3uuM	grudge (meaning)
UceHJJVBBzU	grudge
5luUUDnqHL0	guava
9KMPc_T4bU8	guess
1z5RuDOokzk	guilt
KfqRU_5sing	Guinea
pVFFflkBVio	guitar
TrDii_6LlNg	Gujarat (sign 2)
uLSHBm4_kaw	Gujarat (sign 3)
5QEBvIx9U0w	gun (sign 1)
t9b5K6YsBk8	gun (sign 2)
xcesnw2TvT0	Guru Nanak  Jayanti
WXDDCUpUoUo	Guru Nanak
6P3Z2nkQD3c	gutka
yVj4srfLfSc	Gurudwara sign 1
ymvaZ1cxW2s	Gurudwara sign 2
dGg9jffJ8us	habit
qoMWB2o9jfE	hair dryer (sign 1)
ibTYqJp5cJ4	hands
x53QBItEZsk	Hang in there
y-bSGi85wc0	hail
GSMQDwI83aI	hair clip
MflJey4lrQk	hair dryer (sign 2)
FTNGNvDqp-g	hair
STJ38FSDE8w	half, part
VhyiA9MZWZw	half
v_BzLSp7PLM	bride
Jedn1-9fyXw	bridegroom, groom
h6LSVGsUiRA	briefcase
7P9YL1tEnVs	bright
woQgNTk9IIE	brinjal, eggplant
Z1du80pIIo0	brochure
_XI-ZBIFNdU	broom (sign 1)
LVoWdSuY_DA	broom (sign 2)
0-pxIcGvk3w	brown
Rloiqc9KybA	brick
EgnE1hPwGRs	hand cymbals (manjira)
VgrQMDa1vlI	hand sanitizer
HqsZI1n6pGU	handkerchief
o68UYF2jW_o	handpump water
f5Tm6pDk9hQ	hanger
OF-9aiQTAfM	Hanuman sign 1
zSGR1KaSZV4	Hanuman sign 2
pKb4DHICBuo	happen
cApvRkBL8e0	hard disk, hard drive (sign 1)
sMdon0OffjU	harass, bully
p9SdpeHMkZ0	happy
1SkZMNfDITQ	hard disk, hard drive (sign 2)
WISR3HEeKgU	hard of hearing
vB-4jZVx0yU	hard, solid, rigid, inflexible
6nKQbhX9QHo	brave, bold, courageous, strong
lsp2o-yBY10	Brazil
MNCeezFR_YI	bread
tZ3oGQh9Uqo	Break a leg
XeH2cAIz9as	Break the ice
P58pF-HenyU	break, pause, time out
eRr2PaNsu9U	break, sever, split
LeRzzzBBsmU	bribe, graft
O2_3lA8kVVE	brain (sign 3)
DQg2gfZHQ_0	branch, subdivision, classification
doWXendPFc0	bowl (sign 1)
sj8kYLtXNZU	bowl (sign 2)
0lrX7s_3ScY	bowled out (cricket)
oRJn3LprR4U	bowler (cricket)
OC7HHIF25ik	box
s5AMrNjoP0Q	boxing
T8g7H3Ie5YU	boyfriend
Idb2wQQ85ho	Brahma
OELaDZo5R7I	brain (sign 1)
x7SV2p_-rPE	brain (sign 2)
ONhI6iem9kg	hat
EE1cuwsn1IY	hate
RorIn-P_3DI	have
lLd__AgPs98	he
sWKP1r9ykRQ	head
kusWSSN4xjI	boss
RpLX2iGqahI	both, couple, pair
Rc_b4h5nFqo	bottle
HLngaK2mDAo	Bosnia-Herzegovina
iqlb1r9YIAc	born
ED_25-_F0MI	bookcase, bookshelf
R-IpftpYr2g	bored, uninterested
jLr6GA-anhg	bone
iCZL3lk119A	book
AApcKicSfHU	Haji Ali Dargah
39tZrKjvdQM	hard, difficult
NjT3zasZLP0	harmonium
Bl_SheTtSt0	body
WDHSvLNLkdM	body piercing
c5txohM_Pv8	body parts
zHuGuas_2f8	body pain
xD3S5OUhSRs	boat
LdYbstdYCR8	BMW
syeNmftfElg	bluetooth
Ykt6OXbw1q0	blue
n9F3-JF1Dug	blouse (sign 2)
wPsIxhPHXBo	blouse (sign 1)
ouqUEVpF0v4	guide
nIYd_DTmgOA	diabetes (sign 2)
hfmljrmlZ6k	diabetes (sign 1)
7FcFS0hXehs	100 hundred
_z-Ry3er2_k	blood
-JcpfOHc0nE	blood pressure (sign 2)
WSEFp-h4Vk0	blood pressure (sign 1)
gLH8E10Xex8	blocks
GZagTSm_qhM	blinds, shade
KhHs-1AePDw	bless
c4Nn0I-C4gY	blackboard duster (sign 2)
GlsK0Ejjyhg	blackboard duster (sign 1)
bz6nldNgnjU	BlackBerry
VMsWda7pWZA	black
mRodiqQBduE	bitter gourd
N0bpk_dzCuk	bite
EREEJ9_rFgs	Bite the bullet
50A9vnIaQNE	biscuit
T41OsrviQCY	birthday
mKxgmzevEio	birds
jTfDQvOdKU0	Birds of a feather flock together
xTQHYVNuH2I	bindi
kAIC79Ubl_g	bill (sign 2)
TPdAyuJYQtE	bill (sign 1)
AJyoUbv1lzs	bilingual
ldoR2f3W4co	bike, motorcycle (sign 3)
XAvOgSgdGDA	bike, motorcycle (sign 2)
wx8pMHRIYho	bike, motorcycle (sign 1)
RjDvvpbDcHk	Bihar
BFYTOi2N1w8	big
W6k4SdELuOA	bib
GZq28EIBmQs	good (sign 2)
5_XwDbt8TGc	grass
Iqjt_znBgeE	gas stove (sign 1)
JUMBB2W1Q94	glue
E4hL5jUFwCk	gloves (sign 1)
jZ46cqBrg3s	granddaughter
1ULJICYKp4E	grammar
UpDvz4TFXuY	garlic
vtVQ-YBoKGY	grandson
vj85ZSkQDVo	girlfriend
l_iVlaZg-so	glass
L37McuHckSI	Good morning
ezucq9E_nvs	gossip, whispers, idle talk (meaning)
jFdwRqDDa_Q	green bean
s-570A5kLxo	goat (sign 1)
MjpLTSPr4o0	Give someone the cold shoulder
svQ3jUcN4f8	Goa (sign 1)
03UqtTd9opc	gol gappe, pani puri
F_Bi2czPDcc	greedy (sign 2)
6kVsL2YCP7I	grapes
L4q4_7OOznw	Goa (sign 2)
E8uf2VM3KCo	get
aQEJlg8RhXQ	good (sign 1)
Ack-_RirE4k	Go back to the drawing board
KN6wMRGjxGk	government
lquuC45v24M	Golden Temple
zxwuZPkYjrQ	Good night
oH1yvkXOQ6w	gram
06lnhzFJMgo	gossip, whispers, idle talk
n2Yyy3BkMjk	ginger (sign 1)
IOcKAmXpVUA	Gionee
3y-nQO6e5iQ	Go Air
zEAcP-DeGT4	Give someone the benefit of the doubt
XE2bfzfoTro	golf
9BMHwqCSjag	Georgia
DNVOzTx47ew	gas lighter
wedIVeQMY1k	girl
RqddJENqoOY	go
ZEOITP9Urts	goat (sign 2)
e7LFVgiUCr8	gloves (sign 2)
cHTrAwUZtNY	ginger (sign 2)
2GS4eJRYIi8	get up, wake up
U4zeXOlfF2c	gift
9c_bONRs12w	geography
PLtRFkjPkxo	genius
3vAxsFOJdVo	Germany
mUeSvl1T5Sk	Ghana
Ne3TLfTGZwo	Get out of hand
U5KcZNFATFM	garden (sign 2)
_8BciHWrpOA	genuine
DxotcbkEnMY	general secretary
3bAW9KtLSXk	gardener
mDef1KqeBTw	gate
t8z3PzQKmwg	gas stove (sign 2)
88cVTMvw2fw	garden (sign 1)
XT42tl2wl_4	general
kV7Oo7D26Gw	Gandhinagar
zLxJPYBRIEM	Garib Rath Express
OU-XIIEFnw4	garage
v5F3fOpfrBI	Gangtok
16P4ngMXeLM	4G
Dr99eNeltzU	3G
P2OKqOpct8s	grey (sign 1)
SYlMAasD3Aw	extra
MB7HhOsEvxk	expiry
ooGQLLL-8RQ	experiment (sign 1)
xqWx6o5iue4	express, convey
Mqa0sDOMArQ	exercise
Hkv0JPEwiEE	explain
XDSaCZLa0o0	Express Train
UyuuFpV2QCg	extend
Ystk7l_FXfM	expert, specialist
r8-q53AmmMg	extinct (sign 2)
xu3e-IU_xRM	expensive
DJzxcG2JLTA	experiment (sign 2)
fCd20l7-3Mo	extinct sign 1
B0JKoyG_q0g	eyebrow
w0Z2yfGcCW8	eye
I3_S8sTuQT0	deputy director (sign 2)
0C-nMsdpftw	designer
AgB-ICcX7Fg	Egypt (sign 2)
o_ebrgyrnuk	egg
M84ritBmcTE	Egypt (sign 1)
x3H9ltkR_vM	El Salvador
2oHjc0njDdo	election
f-uyGiFPPTo	electrician (sign 1)
XVoGUfRZqHo	electrician (sign 2)
A-DmE3OOAfU	electricity
LlpSiou4X7w	elephant (sign 1)
kU3ISrjeygE	elephant (sign 2)
_7E0eolOh4c	elevator
1w_bYsmoFKA	email
kA8JbsFi4dI	embarrass (sign 1)
bq2QpJpjWUs	embarrass (sign 2)
oNRtJ5PQ4NU	emergency medical technician
hnwJMWsU8tg	emergency
bMY7k6ug38E	emphasize
W5RDOklZQxc	empowerment
UOCJkoSjr9w	end, finish (video, movie)
yebEzbBOQl4	encourage
jvJvFTBSXuw	economics (sign 1)
n-1noAwKg1w	economics (sign 2)
t6qqXzf4tq8	edit (sign 1)
fB6rpU-9SSU	edit (sign 2)
sX9zUwVdKmI	editor
C0znUIY2osY	east (sign 2)
2Tka3BEG0dA	Easy does it
QEKQr_KeKe4	easy
Cgs1MibMXJ0	eat
65whLEBzOCw	e-book
SewBqDY49qs	eclipse
aXX2ysgHZTA	east (sign 1)
_tx2iiQNlZs	earthquake
F7wUQReGNEw	earth
3jg1TpRzkGs	ear
gnMQXat5V9I	eagle
2oYEEIt4HFs	each (sign 2)
3t63THdE5wM	each (sign 1)
kfb__18uzpw	18 eighteen
1-Zz07NcsKM	11 eleven
l_QL6DBEeFk	8 eight
RVEky1JFtBg	endure, tolerate (meaning)
GcR4QYxAdmY	enemy
cfPvMQAbTy8	engagement
fI7cp68IaQU	engine
1vPiHLNlbBw	engineer
N9JQMzE7_DI	England (sign 1)
D19X5MhzZcE	English
T976ElYJ-qY	enjoy
vM9tngFYH1c	enough (sign 1)
vPAwEcpbWqo	enough (sign 2)
6v_d76h7Axg	envelope
Gv8Q72yX4Yk	environment (sign 1)
5NyBQ0If_iA	environment (sign 2)
_gdCYZeEcTY	between, in the middle (sign 2)
tnMi73_WfPg	between, middle (sign 1)
f9rCwRfIxKw	better
LlAJbMbtUyA	Better late than never
_deTkHwvwhc	best (sign 3)
-oJL0D3n2e0	best (sign 2)
TRgM0lzJs-4	best (sign 1)
WOUQtem-BE0	Bengali
SnUlY4XhAG0	benefit, profit, gain
MpOh9MQvWbY	belt
Tf97LjJhrMU	below
Pu9zSjEsqnk	bell (sign 3)
xwgkeViNOwI	bell (sign 2)
otXF356rVzQ	bell (sign 1)
tPNg2Waa57k	believe
_lF0BZafFlw	Belgium
TtNpydFV6rI	behind (sign 2)
zHSDpV4Ok2Q	behind (sign 1)
M5d-xq3xJi4	behaviour, conduct, manner
1aZYCh3HDZY	before (sign 2)
pwmFabvAS3k	before (sign 1)
PKLiUylI7jY	beetroot
BWKieNmLY2c	beer (sign 3)
RfTlPy0yoLg	beer (sign 2)
R_GaklgD4bY	beer (sign 1)
aCaG3G4PAkQ	bedroom
pxP6gH5pazw	beautiful (sign 2)
QJDOHjM9eb8	beautiful (sign 1)
5vj022EoOLA	beat, triumph, outdo, be victorious (sign 2)
hG7jqJgpYzI	beat, triumph, outdo, be victorious (sign 1)
zE5flYdW0w0	Beat around the bush
DCH3d-S6BlI	bear, endure, tolerate (sign 2)
W0VSNIUgNVw	bear, endure, tolerate (sign 1)
f49RmUp0qqQ	dhoti
gKN3BC-U3d4	dholak
pu9ff2Xvfy4	dhobi
0qDR-9wAiXk	diesel
g8H6NFJ8o7w	dice
3DSsRKPkiGI	diaper, nappy
Pz9eIPXF6LQ	Usury
cBtN1DlLXAs	different
-a0-goHN-rQ	dinner
ug0cTrsjK50	direction, route
f-buhqEDiZ0	director (movie)
A7Z8eaNDLGg	director
Roe3st2xwgQ	disability
34WMjwYFdsI	disagree, dissent (sign 1)
bouFPfGo6UI	disagree, dissent (sign 2)
aF7X0ClwZVg	diet (sign 1)
HuPD22JS5QA	diet (sign 2)
E4rnCudFi8c	disappear, vanish
TkREyqdJoCI	discipline
Zc9o_U0ilpU	discount
BPEbby3LaMo	discus throw
1IZPvJn7an0	discuss, confer
aFGQehtPlPc	disease
VqeazWZzEp4	disobey
ov-SGBORI6Y	disrespect
_HPV8-2Xdx8	distance learning
VCDSOi8Hix0	distance
x1S_tnc_djk	distribute, allocate
lOvFBGpn0bQ	district
_WDeSbXAV3w	divide, separate
HIZYnYZpipc	divide, split, segregate
0FHckg-WrEo	diving
SOMg4XV_dEY	Diwali (sign 1)
QJDAMIo3A6Y	Diwali (sign 3)
t7t7Jioxeu8	Diwali (sign 4)
Mr30rM7vf4Q	dizzy
fiTyNgucpYM	do
pNiWeRZM59o	document
7O43NW_PICc	dog sign 1
HTbNR5mBC3E	Cut corners
y_q_egfFoq0	crowd, horde, mass, throng
3FhNDV9UDzc	cruel, brutal, inhuman, ruthless, cold hearted
u6hpIkJUQXE	cruel, callous, harsh, ruthless (sign 1)
SyRmYT523cU	cry, sob (sign 3)
cKkCZ_GYpkk	cry, bawl, scream
vSEUaTn35j4	copy and paste
Qb3nTAfOz2Q	country
mh7hK_GB1yQ	cottage cheese, paneer
CKkHv_YeHWU	corn
oZ6x75IBNj8	course, programme
BdQCN4niLds	cooker
0n_FeKAXjUI	control, manage
CjL55F1EpNk	contract, contractual (job)
tnQmQCzJKfI	continue, carry on
57wK5eB74gw	consultant
Kx46yWsDfrU	construct, build
E79Kez92aqs	constant, continuous
870f18p-XdE	conserve, preserve, save
OJqZgTGpghQ	contract, agreement, deal, pact
Csudbq04CV0	cook
QIaK1zBDLkE	Cambodia
E7ASHBd0kDs	Canada
uYfcQkRSvAY	China
ZM95iphl6eM	Chile
rufhjKU3UII	Chandigarh
o-Y-aBPo_xw	Armenia
cmFVOsYv2Nk	Argentina
_GG3jvZWj_4	chikoo
UK3lCFwSt7A	chilli (sign 1)
KnE_y9wziOc	cherry (sign 1)
Il9Z5pMnfDo	cheque (sign 1)
mJz4mKTtt64	cheap (talk, behaviour, etc)
eAFoZUaOwac	chickpea
NGfUhD-kG1M	change
Miw0xZr0diU	chapati, roti
dRZkuKTLcis	chief minister
Kt4-ijSTM58	chart
zWdWqozClE4	chef
6y6ylBP0yc8	cheque (sign 2)
bFEz8r3xfMI	chalk (sign 1)
HE7cOw_O6cA	century (meaning)
pcMAg0w93W0	cell, mobile (sign 3)
daRWg-gnW7M	chalk (sign 2)
f06TttdeYNE	centimetre
TkZ8qS_TIXk	cell, mobile (touchscreen)
F1AvK4jxMuA	almost, nearly
Zgmvl6IgXuY	Amazon
3Y7KPnUv9kA	animals (sign 2)
JHK7flaSzzM	applause
1kJrmgJ0EMs	All India Foundation of Deaf Women
um4s1H6JPJg	call
AQ_ba6r2-YM	carpenter (sign 1)
Ps4VoPyMAb8	baseball
_jbbOFSVFyY	basil
8r5QmLFv9Jc	bath tub
ZwVF0XfVD7I	bath (sign 2)
5rku2NSGq94	bathroom
-UjDGBnJuQE	basic (sign 1)
xY-hLKnjahw	calculator (sign 1)
5JrVqdElpw4	cabbage
YufUJ48avIM	All India Federation of the Deaf
bdHi2Gyruqw	calm
N0QNiLrVGl4	casio
37i_Xt_w0Rs	capable
w49chg-Y92g	cashier
EkK_DEi9vog	cell, mobile (sign 2)
JYvB-eiJP-I	catch (a person, a mistake)
p0IHOoCCGNU	carpenter (sign 2)
Py0R_2XywOQ	capsicum (sign 1)
64Cdgzetaxs	capital (sign 2)
rKDZTG2rFPs	capital (sign 1)
A7GtKqvxPNA	can (sign 1)
yi--S0oh64s	careful
BI57SSk_cGU	cartoon
9pEAebpmkS0	carpet
wVgslraD204	cap
Cz3KCbolavI	camel
UMMYGhp1SD4	carrot
SUGgjeP54CQ	car
wubfL2VbBLY	cat (sign 2)
-kAnMQUsNqY	cancel, call off
h8cX3gzzey8	cell, mobile (sign 1)
Y0ObDf8ZmJ0	celebrate, enjoy
9BvwAQ7c9-c	CD
mUes7TvTZ0Y	catch (things, example, ball)
TJQdtS0Dkyw	category, classification, group, section
h8PX8tmC6D0	cave
YGISt7qQBCw	catalogue
ArcfZOVJyc4	carrom
zaCXh7eQO2Y	cash, notes
G1kA8fiQM3Q	cartoon meaning
Rc4vFhGRgIs	cat (sign 1)
kjF2AUzUKO0	capsicum (sign 2)
Y0JhQ12-JVE	careless, negligent
s57mcqROvtA	capital (finance)
bp9mzPexxVY	carpenter (sign 3)
DAhaM4E1wSM	candle
M5ML0oF4VzU	can (sign 2)
W1JjuXkqfyA	canteen
GNigEuAKJt0	Call it a day
MBJe-opDrVg	banker
fmW1matLfhk	barber
uSz2hrQZr3o	around (sign 2)
TLN5DkTzcX8	argue, dispute, quarrel
gzlymlA-sW8	around (sign 1)
c6-NB5Yrrdo	arm
3HMUM-9pQj0	archery
tY7LqqsBV5Y	archaeologist
I_TQyqgYvoA	area (sign 2)
qXV1KRvMA-Y	approve (sign 2)
S21lcUrY_pM	approximate (sign 2)
r7VLa40tjvM	area (sign 1)
sPzCUfCMJH4	April
xgU5S08eD90	approximate (sign 1)
rpMNq0nFlUQ	approve (sign 1)
acdKVU7bbhw	appointment (sign 2)
S9wg2vb8-Aw	bandage
UOktZawGna4	band-aid
cNL6z2IayOU	Bandra to Worli Sea Link
GYVZ3VpzJRI	banana
YcTowX_Es6E	banana tree
apdZVZdwz54	ban (sign 2)
MZsQzU7tOfs	ban (sign 1)
TrCMG8Jm2_c	bamboo
wzz6Gt0EotA	balloon (sign 2)
ndCTFD1P_qo	balloon (sign 1)
3SIXJfwYlFw	anniversary
-qhN2FaYkUc	anonymous (sign 2)
zw53Xl_e9QA	ant
buBZGkwchow	announce, declare, release
QlEKJLgEWMg	amount, quantity (sign 1)
5xmJG9zQ9jw	alive
VBM4ss11k-k	anxious
50jD8JNDy1s	already (sign 2)
5y3eMNykOsA	apartment
nuYcIMq8e5U	apple
N2GsWA1smG8	amazed
zlGi_SB04cI	analysis
uBi-YX42NwI	application
upAZkdtoF_Q	app
DbDsfmhI-U8	all (sign 2)
i4rgDyw5mc8	applicant
iWpgiYUT23c	always, every time
MTAoneZNzeQ	allow (sign 2)
c4HojUA2FGE	appointment (sign 1)
NNAmDtu46B0	all (sign 1)
BMzjPIvzVfU	answer
f6ncKQ2HlJs	anonymous (sign 1)
1XFe7SCIQKw	anonymous meaning
vXg5mjo2Lpc	any
c26UiFPMTcw	annual, yearly
bacheB1uzFE	alphabet
OjJ2Vu0k5d8	animals (sign 1)
9qLTvYXHLdU	amount, total (sign 2)
FxpR_7U84nQ	ally, allied, alliance meaning
jc2G1aW5DQU	alone, solo
fAjax7qngzk	allow (sign 1)
Id-oKWnrMao	balcony
BSJyINZgfWY	ball cricket
yjnm43fEimY	ball
G-xw6dwoiBc	balance
RpZGZHEgtYI	bake
LY6maLw5JZg	Bajaj Bike
yqRuuOhG1Cs	bag
aTp3Y4ABxB4	bag, sling bag
xghJ6vKFuKQ	bad language, verbal abuse (sign 2)
GGK97cywvBc	bag, backpack
eJ8Brka8TKw	bad language, verbal abuse (sign 1)
9uSE_BJx1Po	bad (sign 2)
LKyBt6Px1Uc	back
l8lwU4wIOz4	bad (sign 1)
zgQAKKtXOZY	background
ffJgebjRuvo	alike, similar
cj56UIvObV8	back, return (sign 3)
0Kcn-1OPd84	back, go back, reverse (sign 2)
TDlj5kHwiTk	back, behind (sign 1)
a3ZwnyHdlGI	cage
rRVnNmQOR-I	calendar (sign 2)
lYS6WVGPAWo	calendar (sign 1)
p9bBKmmXvkY	calculator (sign 2)
8EF9j5VqHzw	calendar (sign 3)
1wmnjSPpUHs	calculator (sign 4)
Azhplpvwi6Q	calculator (sign 3)
GiOVSFEP2UQ	call (phone)
WYEvZx_EaEo	Akshay Kumar
xoSQfP-1A-c	Ajmer Sharif Dargah
PqxgC356hdw	Aishwarya Rai Bachchan
kdMxj-h-rRs	Airtel
zbxW8XnyziA	airport
ubBmCChM6Ag	AirJet
zvhxuidq68g	Aircel
-xNmG6y1-9E	Air Vistara
VhB51KKUi10	air pollution
4xykTArwSSg	Air India, Alliance Air
1Ih8aIET1t8	Air Deccan
-03Dju3yPHE	air conditioner
eJ5kLxC1ViY	air (sign 2)
VdR3IR0wqDY	air (sign 1)
F_ssKRakSBs	aim  target, goal
QtR5-M2w3RQ	agree, concur, consent
5anbkZmuIaQ	age
HNF-z7j8p0A	again, repeat (sign 2)
aO1B2sAfigI	again, repeat (sign 1)
t729MGitv94	again and again, repeatedly, over and over again
rvjY9vlX_H4	afternoon
fQcXVe8_ZLw	after
1wTikbR4vsE	afraid, scared
y7FUr6B4Uh4	affect, impact, influence
7-U7JLrcGHo	aeroplane (sign 3)
A8fPXgxSQ-k	aeroplane (sign 2)
HqEam06JRKo	aeroplane (sign 1)
dnl45S16tjs	advocate
Q7wCb9WlhA0	advise, counsel
n0ixnjHqfAU	accept
z-ke4RyMx_w	accordion
fFrKd1qI9ZM	address (sign 1)
Lq13Nl5Ps58	abacus
Nqh6_B0gfec	adopt
PvzM89FGSp0	advertisement
Ykv_2L4-7RY	accident
hKT6dEhxTAE	active, energetic
jYlNFP_BxsU	Actions speak louder than words
jGIwLZTt9ZI	accompany (sign 1)
5xpCpxYgLGg	accompany (sign 2)
HwgChfSHtlI	a lot
puQHunAHML8	advantage
UKcMoQ0mJDw	A penny saved is a penny earned
46-lhzhJf78	admire, commend, praise, appreciate
aCW5vMnjQvo	Aamir Khan (sign 2)
g9R8d7G2MuY	adult (sign 2)
oJUjrqXkdjs	add
lWnmHMNS06E	add, more
ODNZ6nd7uls	actress
Cd0f7fvtGTg	absent
zQPvKggyt48	A dime a dozen
_a81r3Cftzk	able, can
Oy09VfmP5sQ	action
P2abspkSU_s	able (meaning)
SFUS_db3obA	A bird in the hand is worth two in the bush
Jm2j6rZhGXo	delicious
ZrPL-xKnDfk	Degree (range)
6YLxdNCHGpg	Determined
8A3qKZoz1ik	Degree (certificate)
rdW1Snzd9cs	Deceive
qFfaDK70Jvc	Decide
E2-FY4q-Kbg	Debate
YGPgejLrILM	Date (fruit)
sSvBHFI6AOk	Date (when)
aK_immPV5TM	Data, information, statistics
YFrtVUeFoe4	Danger, hazard, peril
4onhprzwUMw	Daily, Everyday
pAo8Zc96Tu8	defend, shield, protect (sign 1)
x5VIvDZhXNg	Angry
WxO_mDkSqi0	Angel
B71wV1k7n4M	Ache, Pain
r3HsR87-sN8	accuse, blame
q_HxcWofEZU	Allergy
LG9lvVHK-xA	Aim, Target
cdg2loc35vs	Agree
rBi-dpJFZuA	Award, prize
NT-LpmJHMcw	Average, mediocre
pcszWYZUdr4	Audience
GjY2iudi9lM	Association
Owp1cwVnCok	ask, question
d0SGtxOqFpU	Arrest
uRwmFRKMF58	Army
hL5w2l57g9k	Annual
gCFab9coHrU	Accessible, Accessibility
EzA7vpG_mnw	Kitchen
c8QdJkQk-S4	Absent
yuo_oeBoTKk	Upset
CD7q4E7thng	True
0_3gIUNTp8U	Translate
oXDA73D5WAM	Try
jZgU5rsfZ4c	University
-rahbCV2Pp4	Understand
l7tvPoyzWRI	Art
JFVB97UDh6o	Category
8G5NgkTRK8s	Capital
tjA2aFyBuY4	Adult
UbQHwZHQSRM	Alternative
iayx3bt-0Rg	open (sign 2)
B6UQh9WuYAY	Once
wIi5NVKOOfM	Strict
wK8amEJAK1Y	Thank you
uNZ-A9bIT2c	Vehicles
s5mQsATayMM	Approach
_lArEvKP43c	Authentic, original
2L_H8HYM5hE	Accounts
juYkSGK7Few	Everything
23kjqyecBwE	Fine
DBUTlAHjWlI	Fine (Punishment)
HZKmJZ3VpIg	Fashion, Style
iP15-5bXA-k	Collect
Wv59G4v5X2Y	Colour (sign 1)
rJbc69qxPDA	Colour (sign 2)
iZgNcu2HzzE	Factory
zaGjEBwl--8	Ethics
TXA5pIG0jEM	Expensive
7S1IJ8OrInU	Escape
NbG_5zEsSoE	Express
Xf0NPEArdgY	Equal
IO0nQfhpxh8	Education
779eNGeW_Fo	Draft
78hb7LPYmDU	Divide (sign 2)
8L3-sQV1BmU	Divide (sign 1)
sLLQkt04ZiQ	Drive
KRnfvBZ_V14	Doubt
tY45mTvKGKc	Double
U8TyoD2LxLU	Dictionary
9BJ5ZQixW34	Die
icjDmpATHwE	Draw
dOPSYCZ4mfU	Dustbin
N4NevefkpsQ	Cycle
wK7Y3bBPwtI	Curd
XI4MKE3j4no	Communicate
VC_lTWT1HXU	Right
37bLyyxKZKs	Punish
8edWFVV1lo4	Projector
N51UnxHrRZg	Process
CmAtK2kV6GY	Pray
ZU74gADGVD4	Practice
His11C0YFps	Picture
2dd7JFwQPh0	Permanent
8I4sK9g2t-4	Perfect
8gAE5cho4ck	Office
96JTPuAvmno	Hard (sign 2)
c9D91JO8O0w	Manage
WaYyPwTPsY4	Hug
yZlMisXPUms	Humid
bDA6y9S2bb4	Hard (sign 1)
xm2Vju9w0-I	Hotel
UMS2IJZt6To	Free
7DwXOsZG5p8	Full
y-rA7UuFbVM	Available
DpoUiyIlk2k	Forget
v4dtaEki4f8	third
r99WfHTRr2A	think, contemplate, ponder
F_es2B9Sgo0	things
dxoUqsSHx4E	thin, skinny
1j6zk5-ngJo	thief (example)
7qLPwuH3tVw	they
p7L6g9YzTVU	thermometer (sign 2)
uuzch67c-xE	thermometer (sign 1)
ZIKWlQUff9c	there
7nTC398KiPM	therapist (explanation)
P_o20L8zhHU	themselves
HjQ5ftX3H1c	theirs
L_3rgd9YOVA	The last straw, The final straw
wbv4nSQCMVY	The best of both worlds
AEfFAtmkt6o	that
-4MbWP5T-cU	thank you (sign 2)
Yz4vZ5ALDfw	thank you (sign 1)
N62iv94HI18	Thailand
hga2Zs6wmWw	tension
izdqbJ_kMkE	tiffin
y3ck7KPhSug	tie
rmgyo8yyqfo	ticket
iKNbZ_6pB5c	Thursday
q6RWNvLf2kA	thunder
autuHm9_jWo	throw
Bc5uO2zRNJA	throat
jn-vHteHdA0	thrice (sign 2)
5smQtXAYAKM	thrice (sign 1)
lkXLuq4RHCc	three days before
MPCAeXe2E0c	three days after
xjCStYhMoBE	threading
Uz_wWiAtIUY	thread
hnIlCRz665c	this
at2bDwxeV3c	tight (clothes) (sign 1)
_JhAFFdTuQk	time table (sign 2)
l74MrarGqOk	time table (sign 1)
96gscoBKIzM	Time flies when you are having fun
bI019MZru3U	tight (clothes) (sign 2)
L2Kvwf8SEvE	transparent
qpNvq1zrIuc	transparent (example)
XMtMf2GRxxk	translator
vzR3201tHPY	translate
Hh69480i03w	transgender
wDy5hBdrwoc	train (sign 2)
X6ZfXYmVdZY	train (sign 1)
X6ZfXYmVdZY	train (sign 1)
DXj1A4BNsQg	traffic
dQs0quEuTls	traffic lights
R22GF3-wqUY	traditional
ZM0n1zjza48	trader
x7TnEHc0viU	tractor (sign 2)
CbscRBBGtT8	tractor (sign 1)
MKSKluySI3E	timid
nuVE-pwIDNM	time
pU-6WzNOsuc	tolerate (sign 2)
JLwyU0Pd35Y	tolerate (sign 1)
O9ZwfYTIETI	together
BAuCEJ4uKgE	together, collectively, jointly
UYYmJtinmNg	toffee
qSD4IBK27Zg	toenail
Iji2l3tYxHc	today
lJsUQT5Ztv8	toaster
r9DiSHym81k	tired, exhausted, fatigued
Nb8uJ822Tig	tinda, Indian squash, apple gourd (sign 2)
F7s5GtLbtGE	tinda, Indian squash, apple gourd (sign 1)
tD_WEFLyuDY	Toyota
Mx_mNhBhWx0	toy
vvyGWPvy1cc	town (sign 2)
vYM_64Gc77o	town (sign 1)
vYM_64Gc77o	town (sign 1)
IRUYQfpLjhY	tornado
NZ2sunnoc7k	torch
Aeq2jo3tSdA	topic, subject, theme
97UeCMhqWxw	top (sign 2)
Yws2a_L3P5k	top (sign 1)
6BHgvzr83E8	toothpick
GH5LgcALHiM	tooth
U18qbyFJKnA	tootbrush
iLnDUh6SJSo	tonight
yNv7aFGlGFA	towel
UjkcbDkHvxY	touchscreen
7sR29KFzUog	touch
9NyNlhJnyng	tortoise
8I__oqg4_eE	total, aggregate, complete
Pj0MkbEahC8	toothpaste
0DYb-qL1t0A	tomorrow
D2Ayu0l7M78	tonic
s7Rg0qiQ1Fs	tongue
5PHRpx9Lqzc	tongs
f1g9b3SKHxk	travel agent
LjwZPYHjqds	Tripura (sign 1)
mkXoxeaRCRc	triple (sign 2)
DVe5knz8gh8	triple (sign 1)
6ij6_5cxcfk	trip, tour
59i-nVlaygI	triangle (sign 2)
KLpXMM5NiYQ	triangle (sign 1)
BEBfzPkE3EY	tree (sign 2)
Py2RBS-e9Xg	tree (sign 1)
4-d6EGJjZNk	travel
nZC6NXo3SAc	truck (sign 1)
eKHR8uZXbHE	tyre
prejlBZJFWo	typist
ylCAApFrP88	two days before
ANfL9O6wy4Y	two days after
-It9bwqowig	Twitter (sign 2)
UORRNKMTusE	Twitter (sign 1)
pxjiTt5uiQo	twin (sign 2)
nN5836JqV6o	twin (sign 1)
J81k9pkL1tg	TVS Bike
xMaMOHTmML4	turn
k5dRhEhUEQ0	Turkey
v_7Bg4-cPjg	Tunisia
YMsS8QIdWM0	Tuesday (sign 2)
7R_b_tfp5lM	Tuesday (sign 1)
4Vj5NM9KRzY	tuberculosis
ZxL9a3whvvo	tubelight
PqOEUuH2gj4	try (sign 2)
PK4bvgOLUWs	try (sign 1)
LSrto7ULuac	trust
IhUPDOGqMaw	true, genuine, real
zhKQnsHLNeA	truck (sign 2)
63NSXGtnLNQ	science
OvDIlDiFmnU	school
-1AseGWh7vU	school uniform
JHh44ooGaY4	school bag
rxLiUBQv4s4	schedule
jzoSaQe5fdU	scent, perfume
3Eq8FeSFJpY	scan
tt4b-WhpGQo	Saudi Arabia
v1TI57zaJKw	ketchup, sauce
Eni6gYBX_-g	Saturday
z_Tnhup1J5I	satisfied
h3ZdKfu7Vws	Sarvepalli Radhakrishnan
zEth840lEVE	sari (sign 2)
0LXJqXx8dVU	sari (sign 1)
ei3OdPKC1-4	Saraswati
lRYgVqrUDl0	Sanjay Dutt
UpTUXgf7Wck	sanitary pad (sign 2)
Tj5FRh9ASMU	sanitary pad (sign 1)
DzL4k1Vy3gc	sandwich (sign 3)
wgrN2DNXukc	sandwich (sign 2)
WV786dTqOyQ	sandwich (sign 1)
rn-sFXA7utE	sandwich (aloo)
AW-lxiaveRY	sand
v0Rb3W378JA	Samsung
L1n0OnAH5YU	Samsung Mobile
vvCzSnLu_4Q	samosa
bL8PcxnwN74	same (sign 4)
K4bb2bBt1uY	same (sign 3)
6T7sRjrH2hU	same (sign 2)
JJamPbb5o_A	same (sign 1)
f2qC92s1N98	salwar
7EWF3Rsjn6Y	salt
C9ZLmgNDV_Y	Salman Khan
qZX74ORSxgU	salesman
T6vd9Criu48	6 six
MZZ52lsCfSw	7 seven
YgZcsvejUF0	16 sixteen
zMVhZxmiK-s	salesman (example)
YbaTI-fVR9c	salary
SwLX5yOifFI	Saina Nehwal
bP0ibVNj7TU	sailor
9r5BkbHQKg4	sailboat
xpy5egrPAZ0	Sai Baba
1NcamL3P63A	safe (sign 2)
jXFwSjb4-KU	safe (sign 1)
vzzmwuU-sMg	sad
0dz5Em9gsjk	sacrifice
0MJRREhKkDs	sacrifice (example)
rzbnEVG06b8	Sachin Tendulkar
5reXwGDh438	70 seventy
ILinyrxnsEs	60 sixty
GHp2q1IoF6I	17 seventeen
nt6YlBv1Qv0	Scotland
itp7CE5KiEQ	scorpion
I6kZM0sKraQ	score
iEwyPUtL9s0	scooter
h_Ja2phijtY	scold
2Os6w6jmxIg	scissors
tDvbCVB02yA	scientist
rY6VvljDcc0	scratch (car)
l59aZl_Jrto	secret (sign 2)
mY5LdfQ0sjQ	second (time)
meGXyGsCWhs	season
3ppf7DdzKvA	search
muFgzetIJP4	sea
SSkoetdv7G4	sculptor
FnSIbbCAQ3s	sculptor (example)
3NIFg2ExoMs	scratch (skin)
UJyI-681CrM	scratch (paper)
eRceNyZCsU4	secret (sign 3)
nEoBtV3LSLw	shallow (sign 2)
aCSZ-jr5Y_o	shallow (sign 1)
5FnTx-WdmWY	Shahrukh Khan
bxQU88YWOhg	Seychelles
TW2KbOGRx2I	sex
HV7L78k5KeE	seventh
uqZJa7q4N5U	set
6lJS7YqGLVU	service
o34Uvfsrpy0	servant
Adn8_szuH5A	select
bNwhA4fMWCI	seed (sign 2)
PpE3Mdz1Z4w	seed (sign 1)
vnOgaQ_eFNs	see
-p-Uj-p_Gso	see you tomorrow
ABHbs7wII44	security guard
8z04XWMENWY	secretary
MH1cXARmtE0	sequential (sign 2)
hVx3X80m2rk	sequential (sign 1)
7Rq6uvvCPd0	September
xwAdIP51jIs	separate (sign 3)
4ZGhwybcIc0	separate (sign 2)
aQT4jI0jMWc	separate (sign 1)
en7qAq3Vc1c	sentence
d9MAodEjHsc	send
OUr2XSyxfsY	seminar
3n8cKQOSZfM	semicircle
w8RSWGCRPDg	sell
CoKtBDPhPbg	self-reflect
1STccvjvCKQ	selfish
FFAd29BYBxs	self
UhTcSU973TE	shallow
tyLcsnN8-v4	shape (sign 1)
jax7fVU9f8E	shape (sign 2)
Eakrhy1WezE	share (finance) (sign 1)
j2M1Yp100ek	share (finance) (sign 2)
70wTMPGmS-U	secret (sign 1)
kvs0joxjS98	share
SG-B3o7bMAc	since
Fu11XkNRBis	simultaneous
42axCoiER4s	similar (sign 2)
1tyx9hWefCk	similar (sign 1)
XalS8Nhpxy8	SIM card
FlB4FQhBm5M	silver (sign 3)
e6Mi_ArdxVo	silver (sign 2)
4msaL_BcYug	silver (sign 1)
VEALNsI7Ijg	silk
FIj5kYw23Og	Sikkim
31l98A8z-h4	Sikhism, Sikh (sign 2)
1NqEYBhtmZE	signature, sign
9R1zY0Hnzug	Signature Bridge
1HI4TKdLMOw	sign
SInKhy-06qA	sign language
RdhTo_18rQg	sightseeing
Ubkc3VIH4QY	side
NUKt0kkYSg4	sick (sign 2)
z_WykkCqulk	sick (sign 1)
NsQZ8by-g_k	sibling
2GL0HkOQVmA	shy (sign 2)
GkpQNio4dSE	shy (sign 1)
TZqRg598wGQ	shower
YoqthDSpmXU	show
IlO3fdD1Ytk	shoulder
9rOnDWXhyaU	should
ez4pS4IS6N8	short
xnZNmESjKrQ	shopkeeper
iwNBFzTrAjk	shop
EktuCHkw7Ss	shoot
XdNhZENdMvM	shoot (video)
Ssub7QHvQIA	shoot (photo)
yD9wwZmkJlw	shoes
7r-E5BNnbZU	shocked
7Le7IfihZ0g	shock (sign 2)
ZmPkrJiAoGU	shock (sign 1)
LmYvU2JuJK0	Shiva (sign 2)
BRymuHzC43Q	Shiva (sign 1)
f3PZuOrAeqM	shirt
vqWFY4rbASg	ship
F0Yx7_4Ox0c	shine (sign 2)
UgLgrXYY9Es	shine (sign 1)
RAvAYYM05v4	Shimla
uwDxpyWDKEI	shift
7MBisqj8VbE	sheep (sign 2)
9gZg_sd9G88	sheep (sign 1)
_rEVVtT1I44	she
w_FY56WkUPM	shawl (sign 4)
l3fZdrppyaI	shawl (sign 3)
eWbekocb_go	shawl (sign 2)
pBeRmN-a5lU	shawl (sign 1)
BJgvTIe5avM	shaving trimmer
23L4Zan3GuY	shaving razor (sign 2)
mjwekhNRLbY	shaving razor (sign 1)
MzwOHZTi4OU	shaving brush
raF-yOcZpkk	shaving blade
XFDOnLG4P7Y	Shatabdi Express
lMQiMzxO_IU	sharpener
IGuFuS-aMpo	sharp
JumxHKPgPsw	shark
cyyBiFbtefI	Sikhism, Sikh (sign 1)
52KfVYsiiXw	shooting
wK63rmj8--U	sky
LfeTLkxBG30	skirt
EUJyZCB8UoE	skin
Cn1Q6q6XtMI	skiing
KcNbuobK5GI	skating
Mbhtmmf-0E4	size (sign 2)
i4YK5ssItV4	size (sign 1)
m6Uby73Tg3s	six (cricket)
4LM1k8KifiY	situation
FQYd1BVpZ54	sit (sign 2)
CEHCaHC8hK0	sit (sign 1)
Eic6GMcQ9Tc	sing
SxnoRhqRU6M	sister
XNwWFLtgL8I	singer
SqXx7G7FX5A	Singapore
fxFtLW9HcC8	sitar
4iLJjksh3C8	smoke
NoKq5zdDsQk	smile
S3pN7MBKPU0	smell (sign 2)
lo-tct1Ryrc	smell (sign 1)
qSuPoYq-8lc	smallpox
k0pUR0HlaNw	small
5-Twa3eHlf4	slap (sign 1)
_sL5FydI-Is	slow
QyxD5H8-cHE	Slow Passenger Train
IghFboP-goM	Slovakia
twc2FUfpUYs	slope
YYJ96CO6dt0	slippers
0PKQWh0-C8o	slip
nIBj-sIAi3s	sleep
Lv_-f-V3ylE	slap (sign 2)
4P7EFM3C4MM	smog
NBEVpBk-9VI	soft (person, behaviour)
ds5AgTizcgg	sofa
TiPPYhh323E	sorry (sign 1)
uvKTMTQqfu0	soon
vFJOA9dR7Bw	Sony Mobile
LiMHHFhjutc	son
cPtb9OMfZ0w	sometimes (sign 2)
-kNkN1zSAfc	sometimes (sign 1)
gR1Kd5i82-0	something
_NQG94L6Ook	some
ED7sE5v2jKE	solve
2kiOvqNPlEE	soldier
EgeA95Yf9IQ	soil
B4Anc1i1S1E	software developer
4TymgqvinvY	socks
977nahhu-Zk	socket
ND4_C6fI-BU	society
rWM6kOxTTIo	social (sign 2)
TPwPNPP1rpI	social (sign 1)
hurQiZ-f8WI	soap
0sE5EMDNsDo	sorry (sign 2)
KXnSguJGdN8	sorry (sign 3)
SGLYqU0p4X4	south
vFYN8jgOhb8	South Korea
_xCyuW8Z7AU	So far, so good
KU3jXLCl5ng	snow (sign 2)
o3Yqyk3bfXE	snow (sign 1)
LJZaMf1NGs0	snake
7al_t9swbtA	snail (sign 2)
UUYEkCl4HvI	snail (sign 1)
1PVMa5B3rMs	soup (sign 1)
nReXFWHGPdg	soup (sign 2)
tcPXoZXEs2g	South Africa
ghyJZVAibyA	sperm
TcjKtM3VKj4	speech therapist
nRHDYOP78eE	spectacles
PWHh7NmzzV4	special (sign 2)
Yipdqci-cG4	speak, speech (sign 2)
gNuAOCWJkZc	speak, speech (sign 1)
04Y_zC6sQ80	sparrow
TLXAEKQwcBY	Spain
cDV-k7lXo7w	South America
yRoamy-gOgY	Spice Jet
aFelqRyZOM4	sphere
cjb9U7rI-pk	special (sign 1)
Y8X09M_jMsI	sunrise
WERWKq12o8g	sunny
b5R9Ubu8bw4	sunflower
dVHZX2-cexY	Sunday
36-jdo8Gt4o	sun
9A6I1vyyc4s	summer
48ODiLP2VgA	summary (sign 2)
PUtHYOs4aXQ	summary (sign 1)
x77fC4-wJ8c	suggest
knDXwoLESEc	sugar
1Zy29R7mOcM	suffer
s3tJWRZegCw	sudden
s4ez79CSE58	Sudan
FNwSw0aI6yk	success
GN8sm5YR2kg	subway
vITeIiXX1xE	subtract (sign 2)
-x6oHEcUExQ	subtract (sign 1)
dqZy_QkKqNM	Subhas Chandra Bose
kgvFkAx0xbE	stupid
DY9ZAVPwT8o	stumps (cricket)
oAhY6BKcbG0	study
Y66DFt19PyE	student
CvB9G9rAoNY	stuck
eH7rPf10P-w	strict
HLJXFFx-auI	stressed, pressured, frustrated
NZn29gNlDio	stress
NjzsZG20E7U	strength
4bjLAMYZciw	strange
H9nx2rpmH04	straight
BdxydPFxfAA	storm
mwUQPlBBZgE	stop (sign 2)
FHwjyQeLNuY	stop (sign 1)
kcHPJA0kPtg	stone
XhiIueAytF4	stomach
y938xCsUbpo	stink
fySF9xDtT40	still
RyuTiOy4BBI	steel
mEKieyopxsc	stay
Ctsn9y9OSCk	stationery
Qn3Yf2GDWn8	states
nPejilWVcLU	state
JQ0W7D0nvlY	starve
H1Zt1GDnh-8	startle
QmWhfW8wyMs	start, begin (sign 2)
f0EqkYZvyIQ	start, begin (sign 1)
ve8zSDsdFzs	starfish
R3jedCIQWrE	star (sign 1)
FPuKLNX3uKI	star  (sign 2)
-0Oo1kPonYQ	stapoo, hopscotch
GKyaVPkBIvU	stapler
ijMeKPPK14c	standard, standardization
JGmPOUUxRzE	stairs (sign 2)
DjEe79bR1M4	sunset
OelZVA_CCzo	superficial (sign 2)
SDQ1doHsLn0	superficial (sign 1)
aBCIEB9IdNI	superficial (meaning)
Ci-i1-FzGTU	Superfast Express
jrxgxM0Pj7g	Superman
K5zspSyQmSU	superstition (meaning)
u6eoD3GXOZE	superstition
HnmeVz4t4Xk	supervisor
ULXqpYB1yYw	support (sign 2)
EcCzQVbFiwE	support (sign 1)
NZmei16Tm_4	swim (sign 1)
wiemsBV5e08	sweet lime (sign 2)
JwE82vJ5lF4	sweet lime (sign 1)
8AKc3tUUqso	sweet (taste)
S4GZ0J3GZvQ	Sweden
3S1RLtVj7PE	sweater (sign 2)
J84aAikfD88	sweater (sign 1)
YYMy75KpmJk	sweat
gMJuEhuQYAg	Swaziland
YPzV-zClOkw	Swami Vivekananda
xEp-ufgrq-g	swallow (liquids)
30OIyeGhcQM	swallow (food)
IijA65GKXKc	surgeon (sign 2)
GybjWmdp4jM	Suzuki Car
IO-b4Lt249Y	suspect
XYVygMJqlTQ	suspect (example)
XgbPX-5ddNM	surprised, shocked
h4y0h7GDHA8	surprise
OwI1yeom0EM	surname
6oKB5PY2M64	swim (sign 2)
ExEPNAW_Zk4	swimming
eihGwOuNl1E	swing (sign 1)
f5uvvlfPawU	swing (sign 2)
LqLnP37No_Y	switch
kGa7Bq3pYqQ	racism
r15J1z-vQIM	Rabindranath Tagore
deXIYwtAoUw	system
F2SfSlbRkj0	sympathy
S1eFafNFNOE	Switzerland
gPKQvW2CXhg	Syria
US1v85XAz0c	Ram Navami
7u54vvW1UKQ	Rajdhani Train( sign 2)
x1Abu6sfP5A	Rajdhani Train (sign 1)
tHSogBpBi5A	raise (head)
wkdHGN4OO-I	raise (hand)
a7gXYwtf0aM	rainbow (sign 2)
YPnTIhCizr0	rainbow (sign 1)
uqaIszhdKfc	rain (heavy rain)
hZGHZ9sLtlg	railway track
EWDMPkRnEHI	radish
SYrln3Ug1Lk	radio
fAbE9RGaHr0	Rama
oLKRnSnr58c	rarely
umCgstR_pg8	rare
0ggPraT35p0	Ranveer Singh
2UL2iPLFUTE	rank
5rAIznB2Sg0	range (sign 2)
jcvnsL69MMo	range (sign 1)
tkqalXOIXJA	rasgulla
WuKSQ-_M1aI	rat, mouse
q97fAwh2-aM	rate, price, cost
1dsbO78Qh5I	ready
OWya5pey33I	read
izjMpJOgofI	reach
XjeeqnHHhJA	raw
u5PdOyHh8Yg	red
dqD5vrJHfQM	rectangle
pYCXAIysO5Y	record
eoYHSxd5nWY	record (video)
9FCa_zHS4-k	recognize
nmC9PhWItts	recharge (money balance)
Xr1SEUip10E	reception (sign 3)
xXykGIC9Yfg	reception (sign 2)
l88Gk4kRlBE	reception (sign 1)
L77Jvnk92gI	reception meaning
4QdYqEbZu8Q	recently
4EihrPe_PfY	recent
Xu7Bjpz-ZRs	receive
0PwKF0pTwpg	receipt
CAKl640s6UE	reason
PNQdYXbMsPI	realize
3dJCO6ExmY0	real estate agent
H7aCSMW9a-o	real estate agent (example)
HJLgJ0K4-pk	reduce
n8CdU-tQIX4	roof
FAOHczmX7Kc	Rolls Royce
zcKPzJMDkRw	roll
kv9Mw_tuoF0	role (sign 2)
2vdw_PjA8FE	role (sign 1)
nur8ELm8QV4	rocking chair
iyvaYVAqszM	rocket
nIw0e8QMIko	rock
wa6VGunvMoo	road
IOp7Ml6b4sk	right
jRRSsM4QKow	Right as rain
MGrjrGgjADY	rich
ds5lPKnltQc	rice
945eoq95GKM	rhinoceros
1tRmBdfaCwQ	reward (sign 2)
J36iHjTW6Jo	reward (sign 1)
Rv7YAemJwp8	revolving chair
Ra22ZVhrcxw	revise, review
EwbZoVWQ6II	religion (sign 2)
Q25uAMfX5Fc	remember
qu0RevE96ac	remove, delete (sign 1)
FlaNoLJsw-s	remove, delete (sign 2)
v6KlD6e05Fc	reverse
5nlcoXAOqFQ	return
rNvWUflStQQ	retire
hpY4EHeLGz0	result sign 2
hpY4EHeLGz0	result sign 2
eCHra4gvq2A	result sign 1
MRf9vcls4eQ	restaurant
vTrtUfPI0RY	rest
e07tkwowhvQ	respect
m8c-LCkr39Y	resolve
18f9RKQp4zw	resign (sign 2)
ZLBwSYUFhqk	resign (sign 1)
YhVonZ8wM4s	reservation (sign 3)
GWn73nB7NsA	reservation (sign 2)
h5N2nXbDBm0	reservation (sign 1)
-Lnou_Pop1o	reservation (meaning)
66XVsuuo9BA	researcher
uKWcQt8U4lA	research
ZcxtRrRVHFE	request
dGP1h8tXPGY	Republic Day (sign 2)
qmuQIVAAjOY	Republic Day (sign 1)
L9zst1EDfWQ	report
5cNi4x3S8RA	reporter
IgilYoGrZlg	repair (sign 2)
4JPQ0EUdcbg	repair (sign 1)
kionVevx1ns	repair (meaning)
nVGUO-aBw6o	remove, delete (sign 3)
kO5NaIjjtn0	restrained, bound, confined, chained
z4D6TU11HbE	rubber, eraser
8Z_T-zrBEr8	Royal Enfield
V3vmgiymarA	route
YnZWnAEfIPw	round
i11LzPy5OPQ	room
l2aqBT_Vbyw	rubber stamp
Nn3ooGh1n7w	rude (meaning)
pJpVzk9brGM	rude (sign 2)
yQ7kMY9kDlM	rent
7w2Aev6pww0	rule
h1mgzeLHaMY	Rwanda
mEhGf6FP0Jo	Russia (sign 2)
NhVVvn7cwd4	Russia (sign 1)
21Y0f3QHoKo	rupee
TJJHfurpn-I	runs (cricket)
UWzrvtCcWDA	run
6wOOntcIJjE	rum
fVKjue-fAkk	ruler, scale
osKMM2nRMaI	passion
BDSIilJRj-4	passbook printing machine
YtiMW5yuGp0	pass
yS482mzgCwo	pass (ticket)
Non0cu5dbSs	party
3pZp4IFQCuA	part(s)
2PcBSQ4A8XM	parrot (sign 2)
m4NUhzj-l70	parrot (sign 1)
_ZQRTRss6sY	parliament (sign 2)
25Ju8FP3zV8	parliament (sign 1)
XYyZ0xYVA6I	Pakistan (sign 1)
Rd6B7wNJ2wQ	pair
fAujasBRvD4	paint (sign 2)
cM_xDZOtPsc	paint sign 1
UvsWlQg31Ts	pain (sign 2)
BaXoF_r5D4w	pain (sign 1)
5TWOGQz75xc	paan
8O-mQYCFWoA	Pakistan (sign 3)
Z3vKfnZktzo	parking (sign 2)
wtaxFUrko34	parking (sign 1)
2cDgDbxkXFE	parents
wOwsXFMF1aA	parcel
rC5QdAVnv0I	paratha (aloo)
3bV2PgWlc7M	peas (sign 1)
lzCeQ6VI2zU	pear
b_cuB9Hjx34	peanut
j3xrbfCVSns	peacock (sign 4)
5dPJr4Pent8	peacock (sign 3)
mnZrhrQqNQk	peacock (sign 2)
yXtu327tJ28	peacock (sign 1)
5GWUar402WQ	Paytm (sign 2)
KPIxtz5y-AQ	Paytm (sign 1)
FfuRz0AuxMs	pay
h3c9_id8RWg	pay in installment, EMI
vLk7S0mnUms	pay in installment, EMI (meaning)
GZSpfYjY3lM	pause (sign 2)
Iu0WhShkyw0	pause (sign 1)
kwphB-3eDMU	patriotic
jfjL9Too_gA	patience
tNNf1uxRiDU	pastry
aVxK8yw7z7I	paste
qrkzRim1Qc0	past
RN3kLXQdNcc	paramedic
0hZluINun1Y	Paraguay
Ypycm97DvfI	paragraph (sign 2)
2bDOqi4YXtI	paragraph (sign 1)
KtjbWweEkKE	paragraph (meaning)
d9qLL38zaZ0	parade, march (sports events)
KGd-YJ5cDTM	paper
Sh5c_9ADHFs	paper clip (sign 2)
QiHtCEo3nEk	paper clip (sign 1)
NuTEITSEAUA	papaya (sign 2)
lR_1-a9k6wM	papaya (sign 1)
XlPxk8w2uAY	pants, trousers
A_ghucv_daw	panic
fBzuEo6DNDc	Panasonic Mobile
2tawxaYAZcA	Panama
EKZWNoQFQuw	palm tree
HSxlr1h3TyM	pamphlet
pmZTgjnADhQ	peon (sign 2)
EQpjjm6rZTw	peon (meaning)
ObrkXqrK96M	peon (sign 1)
fnOThtPRhVM	penguin
W4I02aYytbg	pencil box
-C18cQCkCcw	pencil (sign 7)
z1VPeFV_ew4	pencil (sign 6)
GQaw-x-oXM0	pencil (sign 5)
5pYCIsZH-H4	pencil (sign 4)
0p_iET-2TRw	pencil (sign 3)
EbmFC4EitxU	pencil (sign 2)
b8uuqEIu8Ag	pencil (sign 1)
GleVWSS5dmo	pen drive (sign 2)
AY5ZDfd57vc	pen drive (sign 1)
6MpvtbLWDbo	permanent sign 2
ne5dJi6f9aQ	permanent sign 1
8cz9vIAyOPE	period time
F-nZwpViPqM	perform
Nud7Ld9x7Z4	perfect
7HFTUAIevO8	percentage (sign 2)
IMZb4D-ulNs	percentage (sign 1)
n7sdyYH_Vss	people
60gcpXhOpxg	pen (sign 3)
m7zujfKvM9Y	pen (sign 2)
yk1x10hOd1M	pen (sign 1)
3X2TOqyDgv8	peas (sign 2)
oNnwv2EUUOQ	Pakistan (sign 2)
6KoseVjvOE4	planet
bGzdNLa1O9o	plan
xBLGhif1BWI	place
iGDJKo1-w5k	please (sign 3)
vMbLDoCayk8	please (sign 1)
5jDsH5VpFBo	play
Jn9jwPcSKag	plate (sign 2)
g3I84gVyO9E	plate (sign 1)
DsIehsrzx7o	pizza (sign 2)
EFd9_rQVW6k	pizza (sign 1)
qweRHfBQxEg	pista
1B_wGNSS-uY	pink (sign 2)
ynvL576W11k	pink (sign 1)
jvTF5BY3UI4	pineapple
j0m4en9JPMo	pin
8ucWkX-wRrk	pilot
9LWMsCmHhaQ	piece (sign 2)
XunH_PEln9Y	piece (sign 1)
DMaN0jUw3pU	pickle
OYQVWFoke9E	pick (sign 2)
DA0Ma_9R3HU	pick (sign 1)
GZTuJ6NMvbw	piano
tTM_n97xYp4	photographer
4XFgnsejElI	photocopy, xerox
YhHAI3h-Pno	phone
eWg1Wo-dGaY	Philippines
k-WaxvAgxrU	pharmacist
EZtR1UdIiBE	Peru
JZRAOigBYnM	personality
JPvEO-Q1N08	personal (sign 2)
alvjMQjm1pM	personal (sign 1)
_qWORH98SLc	person
qp4Sw-QAMD4	permit
PffO6Uac1uY	permission
Sd7e5qVlMB8	photgraph, photo
A2flwWtlgdQ	politician
ZWdAqWE-J3k	polite
pOrhwbKtrns	policy (sign 3)
KbmqszvRUmQ	policy (sign 2)
FGFEkUDv0Xs	policy (sign 1)
b5pF8YU_ILs	policeman (sign 2)
hLzEs4ZdXg4	policeman (sign 1)
NmPpZgrECW0	police
uqfvjaFYDQg	Poland
q0tH9vIYWNU	poison (sign 2)
PbfCur5zsw8	poison (sign 1)
fP4-gKIRpD4	podium mic
V-BQYv-0PKs	podium (sign 2)
DOHpEalcflo	podium (sign 1)
iEoyPLi9Lys	plumber
S-BjndLCySU	plum
wgvsWR2YWxo	plenty sign 2
SQZyez6oDKg	plenty sign 1
vAW9QDnXLrE	please (sign 4)
guSd2Yti04Q	poor
NBrsl0Sk_KY	pond
TQeI5Uixibg	pomegranate
jxApN53iXO0	pollution
6m-jzzkuyGM	politics
GWQ3h3xY7os	pressure cooker
IxDZyvc3cRM	president
Te9AcG7ugOc	present (now)
cKTC0499dBc	prescription (sign 2)
nT_QwhsDXR0	prescription (sign 1)
2u2aH81FDWM	preposition
Otwvyu8956s	prepare
vV1FizHByPw	prejudice
kadMX531Q2A	prefer (sign 2)
EFPl9sfDRkM	prefer (sign 1)
xtolpEBm2ro	predict
SFD6zesDMMY	pray
SQymUlHks-I	pram
PI6SVXN35Rg	praise
N0OMPBVVK3o	praise, clap
jXIz2WBz-V8	practice
VCRZM4u-FYs	power
67RFKb9R-Rs	potential
3ir8Rnwx8TY	potato (sign 2)
z66yE3ILKuw	potato (sign 1)
1iCtgbRsFnE	popcorn
UrcPpbomhoE	postpone
XRo4L75knlY	postman
EJF-HPyHiYE	post
CPzNAqruek8	post office
BI1IkyUrBT0	possible
8W0rN_UGUDM	positive
Ekmr93MXzCE	Portugal
s5cimY-et2g	price
Lr1RBzRU5IY	prevent
SaQIh-rBkqM	Priyanka Chopra Jonas
1OPTSnDAImg	private
VL83qtgsLCk	printer (sign 2)
YuqMoY_OqRg	printer (sign 1)
VdaOSlNkCEY	print
GGbmYniJ_EM	principal (sign 2)
ON8Ou8j8BjY	principal (sign 1)
O-H9plmvvoE	prime minister
OL-CqbpYr8w	quiet
9MZyb9n2hmw	quickly, hurry (sign 1)
IGsDuTIs2ZU	quickly (sign 2)
4mzBkoNvj34	queue
sh5goqn8bGI	question
Km1_9ZLW-w0	query
WlHa4foZbc0	queen
QowRgF354O8	quarter
Dvpc0R8CfI0	quantity
AUnzt1FRoRk	qualification (sign 2)
MMzsqe-mNmc	qualification (sign 1)
VBX7WykbnZM	python
OL_k_mBRxbA	pyjama
zCAa4hAv2AY	puzzle
jvqLDP06WII	put (sign 2)
0F7sYNf4uxU	put (sign 1)
MMp7gwH60cU	put (meaning)
vILWc30qenk	Pusarla Venkata Sindhu
MLAL7ASrh5s	pure
8TKDYaZqEFA	puppet
uF8zIar63bQ	Punjabi (sign 2)
NxxURb8wKd0	Punjabi (sign 1)
O4sOntiraJc	punish
Uwz4-pLZMC8	punctual, on time
Y7eYIdnqRSU	pumpkin
-0aVPU0Lmdk	Pull yourself together
3MxE482U2Ns	Pull someone's leg
5YO6JToom0U	public
F2oFyH9CkpI	psychology
94r3k7n7oTs	prove
l4sZF-4-a3A	proud
oL5-8eYbp3I	protest, rally, march, demonstration
fxWTlUwF1O4	protect
YFl0dGwRwYo	property
ijKFau9K4Rw	proof (sign 2)
7spvXhsm6k0	proof (sign 1)
p___W5DGZYM	pronoun
i51r2vobqyY	promotion (sign 4)
0NUyw07V03g	promotion (sign 3)
R0JV03iiFtU	promotion (sign 2)
zZVuyuVTFW0	promotion (sign 1)
_u5BpyWgd2k	promote (sign 2)
AfzXlh8OgnI	promote (sign 1)
aJvkIV-8Q9A	promise
ZAVbHxqvcZM	projector (sign 3)
qmOaTqw3WQY	projector (sign 2)
rlMareW0lTU	projector (sign 1)
dq2YpgXqCn8	program
cfZzelNoOtA	profit
AMSxEvyhESk	professor
LzD3My7FOzI	professional
7YQ0D3swwMk	profession
CpbiUt_BR3U	process (sign 2)
LmFIEd0Ejq8	process (sign 1)
oY37vXA7tXk	problem
uGjEbNgtauE	open (sign 1)
_pzmJOER_y8	Ooty
LYaC4yU2_AE	online shopping
t1ElZ8Bbzyg	online (sign 2)
4TXbOxz60R4	online (sign 1)
Qo2EdbZg68A	onion (sign 2)
B6dVHrpiFws	onion (sign 1)
ZsQM3Ip3WP4	OnePlus Mobile
Hv3CUeYzFGk	one and a half hours
Gh-mMyOy1UY	on
M1exrb6hf9I	On the fence
g78cA4s3tcA	On the ball
KuG1qosmz1w	On cloud nine
YCnpEJTrtb4	older sister, elder sister
zEhEGpPHGLE	older brother, elder brother
ynZd-HeXGnc	old, obsolete, outdated, ancient (thing, time)
z-gika19BqU	old, aged, elderly (person)
g8--b-O60kM	old (things, time)
lH6pT7nQb9A	1 one
EZpZvb2wicY	okay (sign 2)
mdghSfzgn_w	okay (sign 1)
z9fE3-r78UE	ogle from head to toe, gape, gawk
8IJCjt_xuXg	ogle from head to toe, gape, gawk (meaning)
k7RALdyULIU	often (sign 2)
m-YncUJ0SpA	often (sign 1)
ZAXYZbQjJd8	official
WegWM9MfmYo	official (person) (sign 2)
bmMd8l2xZaE	official (person) (sign 1)
3kNaobravCU	office
PUDnvoajVUk	office branch (meaning)
oWtw4v6uVEo	offer
kyMdUjCgk_k	octopus
3Azhh428me8	October (sign 2)
fU3FLT8aa_A	October (sign 1)
V94cJaXyYpY	obey, comply (sign 2)
gCc-L7xN82s	obey, comply (sign 1)
NVNirvNgU9g	oath, pledge
6Xyl6CNQ_f4	1,00,00,000 one crore
sw0z81Ri4ps	1,00,000 one lakh
R07yPaWBR8g	operation
3MoTC6iB3xQ	organization
_Zqd_PC4zYs	order, command, direct, instruct (sign 2)
d_0HZMA0Ml0	order, command, direct, instruct (sign 1)
MMrUJwt_8oQ	orange
czE3uNUVUKA	oral, spoken
kqm4fF_sp4M	option, choice, alternative
1edglbTViU4	oppression, injustice (meaning)
8CsqDF-3gGA	oppress, subjugate, suppress
D12hlBiVjck	opposite, contradictory
rzY50tnGKNg	opportunity, chance
z-uZFPcqtcQ	Oppo Mobile
g6N1jD8-u2U	opinion
MJTOje2ViH4	our
_Ugi-tUFXN8	other
lJeijKlq1Qo	ostrich
2-0sLH5bX0k	Oriya (sign 2)
Eb1zmjEoyGQ	Oriya (sign 1)
KNZbdGWxDfw	out, outside
IljBrnpRkLI	over (sign 2)
3ymIgijDrC0	owl (sign 2)
C9W9Hvx3nNY	owl (sign 1)
ZT1KeYVFU3s	over (sign 1)
lqh1z8IWu8w	owl (sign 3)
XvUEpKDeies	owner (sign 2)
c7P3OaUt-LA	owner (sign 1)
jwjeDemhdv4	own, possess
GeeCVBhDSKs	own, mine
geLlRLZnNhQ	ox
7JXTpPBaS8I	owner, landlord
hvNcv6oLpaY	noise, din
91WkA3SEDpM	noise pollution
BEEOC2ZXhsg	no, not
r7g0SqQcr6I	No pain, no gain
VS_ZuiQIJx0	no (sign 2)
VS_ZuiQIJx0	no (sign 2)
CXEDTo1PXCg	no (sign 1)
rayOhAZhd2k	night
1VHhWnMU21Y	ninth
Q7rYOmLAa2o	Nigeria
5udtEzoi0Lo	Niger
BGIG-XfX4BI	niece
F6sn_h1Xea0	Nice to meet you
QyL43-YjgK8	nice (sign 2)
pFUbKCb5m0I	nice (sign 1)
A6f3QRzvHV0	next year
rW8bfuuzfgI	next week
kXSOWHHAteo	next month
WjM69tcGYT4	next (TV channel, book page, etc)
_rguUTHtPkg	next (sign 2)
X2PsOJ4GaNY	next (sign 1)
m4UTGWK32d4	next (person)
MI2Jae1agR4	news
cIPxnJAUd74	newly weds, newly wed couple
9GJUdPIquG4	newly married (meaning)
l4jwOKcXm4I	new
japf1wZMgiQ	New Zealand
MYVwYIX47wQ	never
rK412FrGOxY	network
7nOhCp26zqo	Netherlands
PI8mabNvaE0	Netaji Subhas Chandra Bose
yT93i9RcLFk	nervous (sign 3)
3g-VyVR_iyU	nervous (sign 2)
osLBI6ox7EE	nervous (sign 1)
2Cf1btUy1NI	nephew
YsHiDhGbv0Q	Nepal
VDbvWI5QT70	neighbor
-NQKa7Pmhx4	9 nine
ga-B-UhiVNo	negative
ogoYx2zZE7E	needle
7Rl3OaaGNkY	necklace
o3ThFwDDdso	neck (sign 2)
EQwPLL2v2bU	neck (sign 1)
TL4iZGEw9CY	neat
vgtE5_6_VD4	near, nearby, close by
PMv7R76mAZA	naughty, mischievous, rowdy
OTfPJGdUm50	nature
oPedYyqevCM	natural
boWOpxe2CRY	National Association of the Deaf
qbITjeyEq14	National Anthem (sign 2)
jHyubnv9xFk	National Anthem (sign 1)
AhDjpH0xZAU	19 nineteen
bGRAQ9ORnm0	national (sign 2)
18Wi03A6brU	national (sign 1)
W4cePmQ87gw	narrow
HMd3blEQ8g4	Namibia
GIoPLi8lba4	name (sign 5)
3I1fwIgGXv8	name (sign 4)
SjfLsGRnuGo	name (sign 2)
ZlECIvK4NRU	name (sign 1)
oK0JcoPqnuY	namaste
xqvVfaJrM0A	nail
DbfHSSkk3Ss	nail cutter
BNnUgdUKtf0	Nagaland
VfQpOfUkVg8	My name is
j-e06h5DMW4	name (sign 3)
I4ZsuU5C6aw	now, right now
C_HK0uWAt8I	November
6CF-GjN1qCs	noun (sign 2)
KHbIUov_fKY	noun (sign 1)
RbTU0PE3ebM	notice, notification
dnZlTBG5Taw	nose
_5-p1Ci-LQI	Norway
Nus1qk-Khiw	north-east
gvz1mZnNRJw	north
xBwnNDnOPGM	North Korea
6ZWrFKv-PrI	noon
HUax1aYesBo	none, nothing
dNZ0oK9jvZs	none, nothing, empty
geAcMUXIAv8	none, nothing (sign 2)
v2jaNOh-Rcc	none, nothing (sign 1)
GGV55DgjlHM	Nokia Mobile
KKOqbdFgAgo	nutrition
933fIHNLS9s	nurse (sign 2)
IBYqJ-C2FsA	nurse (sign 1)
oqQZVkOsNh8	metre
r-Og6CaFJUA	metro
y78hQDvKB_M	Milad Un Nabi, Id e Milad, Birthday of Prophet Mohammad
KLWmJJC8WvA	millionaire
xx3nZjHHL3s	minimum, least, lowest
EEn5WhsNLfA	minister
1uiUwkOZyis	milk bottle
guKx7gevhGo	milk
wh_GS78OuYQ	milkman
LAMyZKIAF9c	millilitre
sOOzZZY-gQI	Mexico
mWHH9UopPFs	MI Xiaomi
FCHXqa0qVDo	mile
7TAkooD4Lyc	might
D7hi8QdSnq8	middle
SxLd_Jwhy80	Micromax Mobile
xemoV0PWpUw	Mickey Mouse
PFALmbyUi5A	mic, microphone
ltVnbI_MWDg	Ministry of Social Justice and Empowerment (sign 2)
amb6frWEiDU	Ministry of Social Justice and Empowerment (sign 1)
VvgOq3Ga3qo	minority meaning
ruOCbes6zaM	minute (meaning)
zOpA9-geIxA	minority sign 2
0UyMbBSxbM4	minority sign 1
I5Nw8MVpZt8	mirror
eheMtSsA-ww	miss, absence, omission
aIYmSF72Yk4	mistake, error (sign 3)
sn0j9u42p5Q	mistake, error, inaccuracy (sign 1)
s67I8VUigAU	monkey (sign 2)
D-6KziM3_ac	monkey (sign 1)
52TTzIUKAAI	Monday
xGkS3isNXXc	modern
fauftUvYPls	modern (meaning)
ioph9CGaf2k	model
iiWPq-IKhXQ	mock, ridicule
WBHJgw_7yEg	mix
Tw8BsgjnKIg	Mitsubishi Motors
GzUACVmJWyc	misunderstand, misconstrue
dIH705Z6Wkk	mistake, error, inaccuracy (sign 2)
QHpNcX0Ugsc	Mongolia
Mbd9TS2cITU	month (sign 1)
WcmCeaR7Kk4	monsoon
aO7Pmus6yEE	month (sign 2)
ufTWb8-_rGA	multiple
IdTIbvWgePA	Muharram (sign 2)
v7--O9C9ZH4	Muharram (sign 1)
J06ynDbTJDY	MTNL
0E2yd3OjjsU	movie
j22q83rv6hg	movement
Wasx0HPXASQ	move
KYWyFwglnCE	mouthwash
oYwBPKBX2kE	mouth
PP3bE6cjRdQ	mouth spray, breath freshener
HkPXGBLKhKM	mouth organ
PBPb-_V8A_U	mouse
z5T2c_s6kwI	mountain
ZfvUujCbJR0	Motorola
DwUajipOhHY	motor
-vcgtHff_po	motivate
cW1M5CUdCmk	mother in law
Kxj8mG2kNCc	mother
PGdVl8-IzJA	mother tongue, first language
pRJFwOmmjPE	mushroom (sign 1)
fEkv-ySnoNQ	museum
htSBSfPfbIk	multiply
eJ8fFy6Litw	Myanmar
EI3Z7yP6_JQ	my
kxpgbuVTGlE	must, should
5FInx5vD418	musician (sign 2)
vDKcRElYodA	musician (sign 1)
r5N3Xy-KNAU	music
KcxcXM11Lmo	mushroom (sign 2)
r3H0vo7q6qY	myself
lb677h8z0PQ	mystery (meaning)
HymdtSakcww	label (sign 1)
nbGClOPWFAs	label (sign 2)
wWzqyc2x0GI	lack, miss
2JY-9q3ehfY	ladder (sign 1)
-A1P5WbuNo8	ladder (sign 2)
Z9fW5tpQOYY	lake
f64zpSopa3E	ladyfinger
5sfiu9fyEt8	lady
r4n7uVq_LzU	ladder (sign 3)
hR9Q-3L5tGY	Laos
1kasuHeFIuw	language
wAEJEtDB20g	land (sign 4)
OX23xzI_GhY	land (sign 3)
yMs5B2DUJ_0	land (sign 2)
kHGkRSDn6q8	land (sign 1)
n_8B2_ChR7I	lamp
a1Nj8ScIhho	Lakshmibai, Rani of Jhansi
U5Fpzlc787s	Lakshmi
wRjTHPy0jes	last week
44mCQaeKBVw	last month
E3IAqXfMjWA	lassi (sign 2)
lFY9NjDYAwg	lassi (sign 1)
RTvZD8AZs64	large
zkOqvdkGpS4	laptop (sign 2)
fVM3O_zqrWc	laptop (sign 1)
v2ak0hp1ZTw	lazy, inactive
k6iqdvYEj4k	lawyer
YCunYHD0SVY	lawyer (2)
9Gl6dhM-XAY	law (sign 2)
dkAI5hTKrJA	law (sign 1)
XDj2H5_amTQ	laugh
LNeQmfpFxKw	lauki, bottle gourd
5DjHf74Wzyk	late (sign 1)
vS5fnczMHcA	last, at the end
wX-5GS2Om7k	last year
tplh8l5q74U	lend, loan
3FlXNEmG6h0	lemon
BGjmN9lRDH0	legal, lawful
CpYIKn7qaIY	left (hand)
8fqQ2nm3B4Q	leer, ogle, stare
wpUgLTxBXns	lecturer
u1PuKrTDzdI	lecture
ZLMSgBfkRgc	Lebanon
IWWZql-w610	leave (absent)
VN0pOHZP1KQ	leave (absent)(meaning)
WzjR1buH7o8	learn (sign 2)
MAZVS8doD6E	learn (sign 1)
tg9QaW7Pvm8	leaf (sign 3)
u6x6Qk463V4	leaf (sign 2)
Idc4ADhTayI	leaf (sign 1)
JwvgzR8JBQw	leaf (dry)
6eCbHVCJ9N0	lead, guide
lwX7ijChOGs	Universal Adult Franchise
YKFHr8y6YRI	metal
1KCDw7XLgU0	Mahavir Jayanti (sign 2)
rskg3zep4Gs	Mahavir
5NwQvEmIQdY	manner, behaviour, conduct
KD_mAE7nypI	manager
qW80XrM1yWQ	mall
2_R0SbF4K-4	Aamir Khan (sign 1)
kmxkFZgrfuY	address (sign 2)
ijNQOg31iaI	adult (sign 1)
RIWIAARKqCo	Africa (sign 2)
3KS9SiHwRVI	Africa (sign 1)
Dz9dFM4Pg3g	allow (sign 3)
kl6t309RsBY	already (sign 1)
2YgACbDEMmM	ancestor (meaning)
672SUsSwn10	day (sign 2)
v_HmgeH-ABo	day (sign 1)
6D-tRJn3T6E	day(s) after
hlWNjgLwXUM	day(s) after tomorrow
OEZKlgaRH4o	alarm sign 1
is0vnifQmQE	alarm sign 2
2iB4Rwtng94	Albania
3FY7bYQBJ8M	alcohol sign 3
ItvaPW9FnxE	Algeria
Unvi9R9Qg8w	alike, similar
4FldxWjLykY	Arunachal Pradesh sign 1
H90EE4ZyShY	Arunachal Pradesh sign 2
XxRvBiQEf1s	Arunachal Pradesh sign 3
LAxFz0h8jVA	Asia
AEjUapb4Iwc	Assam sign 1
uF5-SHyMOwg	Assam sign 2
jI62F9LgRlI	Assam Tea Gardens
AYTEzWH7BYY	assistant professor
f8BAnw57PFY	assistant
sORWtcK5Cl4	associate professor
1SWHwkSeN5M	assume
5MtZYbYZhIo	astronaut
b00epXFNL5U	ATM
6rTPgPHDnGU	attitude sign 1
1js4OwpNYrc	attitude sign 2
_NCg6SOF43E	August sign 1
TuH0o_tiW3o	August sign 2
SvabwOUNAEE	August sign 3
4bEmX9n5WqQ	aunt
fUfGwnc4Hmo	Australia sign 1
BCVSsSZSqm4	Australia sign 2
MFNsb1cUbDc	automatic
fPhovlavllg	autorickshaw
4MB7jUMQvac	autumn
C2FMG7QWfCo	avalanche
tMYNBmb808w	award, prize, trophy
8pfW3gmsue8	away
Jm8OXSwWnCY	Audi
Bir6ea5EZ1c	Association of Sign Language Interpreters
_OVPsuqM4WA	axe
ae7r5dnrG34	Austria
qNWz7DPyrnU	choose, pick, select
ZlHosNYMQwE	Christianity, Christian
SdsEu8iuUpE	Christmas sign 1
tUV7RnfFTa4	Christmas sign 2
f7KtY9x961I	Christmas sign 3
9LDQGtFRVhI	Christmas sign 4
aYpR1Gsa0_U	Christmas sign 5
9WpI_sLgb00	Christmas sign 6
Q74GhX7qYWI	cinema hall, theatre sign 1
bEgGF4YuHm0	cinema hall, theatre sign 2
IwjaiMCqRSk	cinema, theatre
URA2L-D-MAQ	city sign 1
yWRsnrs4C5w	class, grade, standard
xR3xDmZZCCI	city sign 2
WiOoeG7LL6I	clean, tidy
a1T4s6FhcSE	clear sign 1
LyZNz7OHiBc	clear sign 2
lto2iIwYuOw	clever sign 1
8eae5jZQ1zo	clever sign 2
yFMHg6sTd6Y	clever sign 3
GTNV1gmJDSk	climb
Qhvb075HF_Y	clock (sign 1)
Ju08b0MS8-4	clock (sign2)
SWWKwdMT9qQ	close relation
QiX_rb7Lm3I	close friend
ygxGB0K2M8A	cloud
d4zWp5T3P-w	cloudy
RcZ64U1ydeg	clown
gZeBXbzKTnY	club sign 2
ALdikJXEJtc	club sign 1
WEnejEf0veY	close
6al4AYYeD6A	cobbler sign 2
d5SYjSyZLZI	cobbler sign 1
7I3kECWTA4w	coat
E5teJWyr2rA	coach
Jm23ZwhmPlQ	clumsy
Yf38Dy5zOF4	coconut sign 1
a8cDfDvCcxw	cockroach
okkkPNVcTfQ	cold for food
0CUyYc1R3OA	Colombia
MsbYk4NcVtw	collude (example)
CNnZQINfB8E	college
IDxelyv-im0	collect, compile, gather
EdGBkBi0xQ4	cold
U46jloztxAQ	Coimbatore
-H_VzAnfyKk	coconut sign 2
XP1X2toQb3s	common
8ODE1njkZv0	committee
7poFsrrVPVk	commerce
t7BWrIChL1Y	comfortable (sign 2)
KsbMoTA5Rvk	comfortable  (sign 1)
H84q83Jmhhk	come back, return
HSEV-Y2g3A8	come (sign 2)
zobbHZq0U4w	come (sign 1)
mhO9nuyQ28I	combine, merge
cwDDoB4ZOZY	combine, connect (words)
lz2BCCFiYmQ	comb
c9hrMSMJFgw	congratulations
U1TZROWBuoo	confused (sign 2)
g1xpvj7Xu3A	confused (sign 1)
RZo8XEvx1G8	confirm (sign 2)
Fls8pLxuhZs	confirm (sign 1)
s1tq1t4LDuM	confidence
YXM8FEEsI_A	conference (sign 3)
0_dU4pT_Ch4	conference (sign 2)
przV2cLTG_4	conference (sign 1)
rrjpij1UdL0	condom
EGt1EA-YBNw	conclude
lF3h9t_N8fA	concept
4epyVRUXIWA	computer
kYwtY_FCM1c	complete, finish
LjoBu4KD33Y	complain
vZBu2SG35ec	competition
b8z6CTJw-TI	competition, contest
nBnJhuCSZxY	compare
eI4NQgjp5l0	company
md3sDbLwP_I	Czech Republic
wEfxi8YvQLI	Cyprus
ZsQKzWzog3w	cylinder sign 2
n7Ikc1zpm-o	cylinder sign 1
ioEb1Aqyq10	cycling
YzMaVzYqmoI	cutlery
bbWGXTXiw4k	cute
FDpm4DIIUqI	cut
sNQ2sQ75wJ8	cut, trim, snip, clip
Y9MkvKtXngo	decade
I77KHj-yyWQ	debit card sign 2
VPU-Gw_h9ko	debit card sign 1
7z7NAx8_5n4	debate meaning
F8ZmweysvHM	Deaf
ke1DcSSwifs	days before
aUL73h0mbYg	deadline, time limit sign 4
1eodwdZ3isc	deadline, time limit sign 3
FD8LpV-MqEM	deadline, time limit sign 2
c4_wAHzGCiw	deadline, time limit sign 1
YlpdAUskBYI	defend, protect (sign 2)
5Joy5x30t6E	deer sign 2
YkczyHs5RyA	deer sign 1
Idq3nOcunPw	Deepika Padukone
aTbpGKnMdv8	decrease, lessen, reduce sign 2
sIRKe3QdsJ8	decrease, lessen, reduce sign 1
76nlaB0l3kk	December
fVnCA91Bvwo	dog sign 2
_2TlWc7fctg	Donald Duck
Wj8Inf10Cds	donkey sign 1
JE_6hkeERgY	donkey sign 2
ODM8uD78HiY	Don't give up your day job
PEWcunm1QG4	don't
EXJmDDFi-5g	door
Pq7GkdMqan8	draft, rough
Rmwh_Cfw9GE	draughtsman
rihHzABTIPg	drawer
ReGozpDkRcc	dream
3snObAxKXOQ	dress
0HcbAAaV73Y	drink
wIEYdZjvXJo	driver sign 1
0BC8wWXW_wc	driver sign 2
RnqeyToK1I8	drizzle
bTfZoLcLD1s	drug sign 4
FkCaUqcqwpA	drug sign 3
z4AQcUmPyxg	drug sign 2
lFyE0xYWW7I	drug sign 1
lTbpj1XKVWg	Dropbox
NiIyd5WjjFg	drop, let go, put
uZB4kRSkd_g	drop, droplet
LpK4vi7gyoU	Dubai sign 1
y5LmYGbr428	dry
LYRpKbuXtw8	drug sign 5
XEKKQz2x4DE	Dubai sign 2
oA3QZPn2m1k	duck sign 1
a6CyJGTNsG8	Duronto Express
9TcOdm_p8dc	during
hlRsj56XQh4	dull, unintelligent, dim, stupid
p8ccKTtbyaQ	duck sign 2
s00OIj7TQV0	Dussehra sign 1
ncAPREMR3JA	DVD
2ieSeOjAJZE	dustbin
ACJG5VeKrvQ	dust
tRo9FnfeFj8	Dussehra sign 2
TKsGy30vLtI	environmental pollution
G_6Wje1CTSM	equipment
BUv48pwD90o	exam
rVEOXcTj1NU	evil
bGUPJlNVLFM	everything
DPb0Ariw5Ic	event
vB72KncjZis	evening
ko_3tCyv_Dg	Europe
VdG0pGDoCzM	ethics
V762TGrdsYI	establish
IqAQQves3xE	Essel World
1mWlliCFyxM	escape
5mRd9gulCKs	eraser, rubber
7PKlEo-ZLME	example
syXsQXIoZEI	excuse
SMEVutE0yBw	excuse me
C_VE9wu76So	excrement, faeces, potty
BN8N3UwtL00	exclude
fe3uPTqXfxQ	excited
Pro1Tbg-LE8	exchange, swap, transaction
VGa4oRGUQ-w	exchange positions
K5qR4GaiYqc	form sign 2
VyDyh75isWg	form sign 1
-syzD8b7Uog	fork
tZRz_YRiaYw	forgive
pAtADV-ujaQ	forever
mq9WIJ0BxY8	forest
wyDi2hGYZmg	forehead
3I2-zG4Ymb4	force
vawgyWPeIiM	foot body part
IVY4EYIVHMI	food
VJNSZFoRLzE	follow
6c8Zy5HvpQQ	fog
CqilPDcjxRc	fly
biSlYwhDtc4	flute
B2JFlPUsxQY	form sign 3
KAsaLUHY0y4	former
E_bwQ8SGo8w	foundation organization
z2B7VrBSA5c	friend
IOS2_Xy4yg0	Friday
pobP84igDt4	fresh
AVjyszuck8E	freeze
zpDZzjRrUmk	France
IWBVW-QyFEw	fox
Ht6fXw6roFc	four cricket
VORmSzXh6YU	funny
50ifEC4lOTQ	funeral pyre
YVDtfcK77FA	funeral meaning 2
oQNOHd5JtqA	funeral cremation
yLnePZ71izk	fun, joke
6KSKyvfyJGs	full
bgwSjzhyPs8	full stomach sign 2
0cLdo9cL7y4	full stomach sign 1
fhURcNQNqgo	frustrate
oeH2BtfiHVI	fruits
lW8hheG6HgY	from
ru9ZDRu566k	frisbee
iT0YsG0QkbU	future
TDdKRcFO4k8	fingerspell
VPU-Gw_h9ko	debit card sign 1
7z7NAx8_5n4	debate meaning
F8ZmweysvHM	Deaf
aUL73h0mbYg	deadline, time limit sign 4
1eodwdZ3isc	deadline, time limit sign 3
FD8LpV-MqEM	deadline, time limit sign 2
c4_wAHzGCiw	deadline, time limit sign 1
ke1DcSSwifs	days before
md3sDbLwP_I	Czech Republic
wEfxi8YvQLI	Cyprus
ZsQKzWzog3w	cylinder sign 2
n7Ikc1zpm-o	cylinder sign 1
ioEb1Aqyq10	cycling
YzMaVzYqmoI	cutlery
bbWGXTXiw4k	cute
FDpm4DIIUqI	cut
sNQ2sQ75wJ8	cut, trim, snip, clip
c9hrMSMJFgw	congratulations
U1TZROWBuoo	confused (sign 2)
g1xpvj7Xu3A	confused (sign 1)
RZo8XEvx1G8	confirm (sign 2)
Fls8pLxuhZs	confirm (sign 1)
s1tq1t4LDuM	confidence
YXM8FEEsI_A	conference (sign 3)
0_dU4pT_Ch4	conference (sign 2)
przV2cLTG_4	conference (sign 1)
rrjpij1UdL0	condom
EGt1EA-YBNw	conclude
lF3h9t_N8fA	concept
6f0v-e468AI	community
MeJB3ZRQQcY	hygiene sign 2
1T-rlcPbebo	hygiene sign 1
Kg_T4wAJNII	hygiene meaning sign 2
Hbj74PbhIzc	hygiene meaning sign 1
LAesnbDezYY	Hyderabad
e-oFpEWqbFI	husband
oSXFhrjLVAI	hurry up, quickly
X7vnmMCdV48	hurdle race
wYeLqdSCZR8	hungry sign 2
Hx_qIWAYD-g	hungry sign 1
YRc3fxOAnOg	Hungary
1O3tCXovrw8	humid
XnkB49W7JEI	humble
LFAMKxEzB_g	hot air balloon
IUxURsL66jY	huge
z_kjd4rGuag	hug
xuh2imuKrI0	Huawei Mobile
5-z6W_-oGLA	HTC Mobile
Exr3hQh_a6Q	Hrithik Roshan
kjbYH9I5O4U	how many
AXe4E38O_ck	how meaning
EWUNJsze6aE	housefly
U--0FZU2bDg	house, home
MF1FXsA8yXw	hot, scorching
fNAwhyttX0Y	hour
RpoDGwIp43s	hotel
OcSgDKInrg8	hot
3fh4S64bvM4	how much meaning
ILXJO86NsG8	Reliance (Mobile)
KVxHxFu6C1U	relay race (sign 1)
B2eH7OwcKQ0	relay race (sign 2)
sDvfKoCt0nI	rehabilitation (sign 1)
6bb5IDbiyzw	rehabilitation (sign 2)
sZXEa_h85YQ	regular (sign 1)
UwWaRajzxt0	regular (sign 2)
ekGqhBY4SZE	regret (sign 1)
wClUzDG34wQ	religion (sign 1)
ouQmvo795rE	4 four
nGiuyZ9jIds	14 fourteen
BYnUpQfk3Ts	5 five
f2RCrBoqFVw	500 five hundred
sVT6S-xJcbQ	Numbers (0-1 crore)
Wi0iDXiVO3Q	Allahabad Bank
MUALhjDPcdE	bank account number
cEclg4wFkQY	bank branch address
XV9orqztWis	bank branch code
C6NYbD05HIo	bank branch name
9jYJjEHnKTw	Bank of Baroda
0RIpHMSqV4c	Bank of Maharashtra
PlEUE-SExy8	Canara Bank
G6aKn9zvQ8g	cheque drop box
araXKMU7R4g	CIF Number
xHgqrgu0NB0	Corporation Bank
1MPaj2JcH1c	Kotak Mahindra Bank
qjRRaPtsqf4	Know Your Customer KYC Form
dxvGVA3-j9k	Karnataka Bank
h70xLaGjPIM	J K Bank
1RxiKpQqaJM	internet banking, online banking, web banking
BWWtThOnwkE	interest on savings account
IB4I1T_sQxo	IFSC
S4Ygl6RqD98	IDFC Bank
_K6fZSaEvfY	IDBI Bank
oRcnRJ4g8GY	ICICI Bank
575bTm_lAtE	HSBC Bank
W8DhdsaqA1A	HDFC  Bank
UB4Z8Wzkj5g	fixed deposit, FD
1OZTqBF7fFg	deposit slip
E4_sAfIiflQ	demand draft, DD
f0lX1hYxleg	Vijaya Bank
7D-_Ilut5Ns	Union Bank of India
tF3WaFt4kdY	UCO Bank
o95thycjZd0	transfer fee, transaction charge
_32XeMNyuxs	transfer money
ay7OzoG5fk8	tax
yQ1BONWNLrE	State Bank of India, SBI
OYENl3VfTb4	South Indian Bank
VcOM49u8maQ	share market
Hj28Cttz1Rs	recurring deposit
HE1mqIDP_Ik	Punjab National Bank
2KrNWzeY_dU	Paytm Payments Bank
FIYZhJAQ3Qo	passbook bank
JmPgvxIFzGE	Oriental Bank of Commerce
xbBwbQ6AZv4	nominee
4ANEdd5HfAs	withdraw money from bank
VfKd7mog6AA	tug of war Haryana
_CKSfuSN8qY	test Indore
ojCn0dDr1m0	rock climbing Gujarat
KAyF64u5G0w	English Mumbai
gfDGWjaDaTk	darts Munger, Bihar
jhJGHoYO_T4	banner Hyderabad
IH3kcXKQgt4	barricade Gujarat
5oxAsvVFIqs	banner Gujarat
MOy1x8EroPs	bandit Munger, Bihar
mrKqXT7mi94	bandh, general strike Munger, Bihar
MwHD6LxnfXo	website
WwlvxaeHNGI	video call
oDkQtwBcNJE	Tom and Jerry
4LcgJGBIhMY	social networking site
jsM5s7HUAhQ	serial TV sign 2
amB7PkF8fWQ	serial TV sign 1
PVdmrokA81k	record video sign 2
pTbDCcIMvpM	record video sign 1
SaqUZcI2zDA	post video
Oiewyo7WQ4w	Netflix
Q65na_iR_HQ	messages videos
BVtBleg0HgA	message video
5-vEsZ3vXPs	like social media sign 2
WFrPLJ77amU	like social media sign 1
VX-0YdOVhIE	hashtag
F_07ySQ8wso	block block someone on social media
ohjswsB3XdQ	Batman
ODFZJd2f9X8	Amazon sign 3
4--6iRQ6-7A	Amazon sign 2
KqdHyxm3XDA	Amazon sign 1
WGp_XsdMsp8	5G
WGvrtl9p1eY	Shiv Sena
oQZt_Mg6WFQ	Samajwadi Party, SP
woo5-4amwJ0	Rashtriya Janta Dal, RJD sign 2
RLYcKEP4af0	Rashtriya Janta Dal, RJD sign 1
QX2YCbSelwo	Rashtriya Janata Dal, RJD sign 3
atIObXII22k	opposition
he8ICzchdmA	Nationalist Congress Party, NCP sign 2
C201-UUFUDg	Nationalist Congress Party, NCP sign 1
01THMylW6Mw	Lok Janshakti Party, LJP
W8978OLdbx0	Left Demrocatic Front, LDF
RKMKhsFem98	Janta Dal United, JD U
RaTUMGgYYTY	Jammu and Kashmir Peoples Democratic Party, JKPDP, PDP
YjFFLGIxdsw	Indian National Congress, Congress, INC
3aJtWIMsFx8	Communist Party of India, CPI
7JdpsRQl8eY	Bharatiya Janata Party, BJP sign 5
2vUvW-0XfUE	Bharatiya Janata Party, BJP sign 4
0AW9acHJhNI	Bharatiya Janata Party, BJP sign 3
oNLS4rBETd8	Bharatiya Janata Party, BJP sign 2
l8Aq3ttf3lk	Bharatiya Janata Party, BJP sign 1
s5kbd2DCqpk	Bahujan Samaj Party, BSP
yYXL6MOhLUo	All India Trinamool Congress, AITC, TMC
bGGgKRLRngQ	Aam Aadmi Party, AAP sign 2
0klM2u7dV9M	Aam Aadmi Party, AAP sign 1
V2xejNSSroM	upper division clerk, UDC
jVTBWE4fJio	stepfather
gcu_pB2VV3Y	separated
AKEA2Efcf-c	propose
6BxN42ZQweM	newsreader
jk-q6T9ioJw	lower division clerk, LDC
CPitVthnjH4	love marriage
029K-cKlcPI	live in relationship
Im4SINoSEog	LGBT Lesbian, Gay, Bisexual and Transgender
dQMbnTMaARA	hawker sign
PGbVUlqDu1A	hawker explanation
bpK_n3OqDDw	hairdresser
YvnXtd5elNc	great grandson
N3pb79qnVYU	great grandmother
BOptXSFN6H8	great grandfather
WU3ggwzWK1c	great grandaughter
qn4Hst_qhek	father in law wife s father
xuxJyUtWXiI	father in law husband s father
n6E2BSLUAb4	farmer
jeHDb6bJlxg	employee, worker
nbkbCijmXrk	divorce sign 2
cw_LKMVolQI	divorce sign 1
WwBcOjPsadM	cashier
JF3O2TZwvk4	break up
ydrwkZHu9wQ	bandit
32bnZzOpyVQ	arranged marriage
mLAU6a3B4u0	Sonipat
REjALEhtu5U	Sign Language Day
je8iJ0Ui4Eo	Shaheed Bhagat Singh sign 2
5I1pHPEIJxY	Shaheed Bhagat Singh sign 1
cNqa5CDlzHI	Shah Rukh Khan
yulNaWExQ1M	Red Fort
WMAlevI4WmM	Rashtrapati Bhawan
lH8CUR6TUNc	Rann of Kutch
EPd7EL8NuvA	Qutub Minar
2Ha8eNmKzh8	Panipat
43qeExEx_MU	Onam sign 2
MHWcH_RNBm4	Onam sign 1
9fXpXAMUNvo	Mercedes Benz
swG4TyB3Nwk	Karnal
DMCl5hPozRY	International Week of the Deaf
2n1iwb6O4u8	International Sign, International Sign Language
CJVOh305Mxc	International Sign sign and explanation
wXWBhEyAS6g	Deaflympics sign and explanation
eKKXv_38bhU	Deaflympics sign 1
G1LmlH1Egy0	Chhatrapati Shivaji Terminus formerly Victoria Terminus
4x1ptujpYik	Char Minar
T7_DTlt1500	turban
5YMFoKmkzWA	tops, studs earrings
QejjrLQKSNM	tight fitting clothes
B6MS4BOsUsU	sports shoes, sneakers, trainers, athletic shoes
iXFGnSTPL2g	sneakers, sports shoes, trainers
O0W19pecGDs	shoelace, lace  shoestring
1wRoPJIQ_lg	rain coat
uhFpQrgaZFs	rag cloth
kyjwJwIPvwI	pony tail hair style
EOApdABVAdk	mustache
zqZYTTv9h5s	jutti, mojri
71LQ4ndmUB4	hoops earrings
vSrQsuNAdRU	hijab
Zbpmla07moI	heels, stilettos footwear
1Rpzf28igag	hairstyles, hairdos
EJJPkaaG8-8	hairband, headband
ZrTdWXxMYuc	hair cut
kjHbwgqxywg	hair straight hair
DdJh--QCg5Q	hair curly hair
CetYhV2R_QY	earrings
kXICczWnhMY	dandruff
QOgVgdIByeY	dandruff sign 2
YbzWGCKJN2I	dandruff sign 1
NmcAi6qt3pI	coloured hair
JKM9cJCwSso	burqa sign 2
O27MfZ3TutY	burqa sign 1
dYcectmoaKQ	bun hair style
Y0RXIq5lbUc	braid, plait hair style
KAoLidWDdwc	beard
qdP_VvKLT0A	bald sign 2
dEecdYk2mP4	bald sign 1
nP341F8VO6Q	badge
gWTIoA161Z8	badge, pin
ryv0rxTRU-o	army boots, combat boots
sPz6oKkPta4	apron
aCmlqS5iUPg	bouquet
linEr6tvKtI	bookmark
eWQaEgjC0es	body lotion, body moisturizer
_zwkM-DL07A	blindfold
VSIFhHeaEd0	blanket
nRLSmWsMWso	banquet
5cXKJg8YTrQ	banner sign 2
eQFEbYHnw1g	banner sign 1
kzVGI2trKCY	balm
RQtUZ1jbLz4	arrow
qzisHKgrCK0	air cooler
9TrDvAPU4-g	air conditioner, AC window AC
X0lYkEAXgb8	air conditioner, AC split AC
qk1_I7V1GrM	aftershave lotion sign 2
SuxUhaq7xio	aftershave lotion sign 1
rcgZzhIqhbI	flag
9KerVX_dVms	facewash liquid, gel
kA_OKkDqz-c	earbuds, earphones, headphones
BmZ8VVgb4MA	disposable cup
l92OjrkZhzk	cushion, pillow
IIAuow6p3Z0	crown
vkTbShRYNY4	cross
qzmFwQG8ELA	charger phone sign 2
xp0vk24tepA	charger phone sign 1
yn_oE8AEHrM	charger laptop
x8OYkIutcAI	chandelier example 2
yUtpWaZfmBA	chandelier example 1
RPpkt2qzt_k	chain
A6GbSHVXvkg	cable, cord, wire
IIX3Z8qbRdQ	business card, visiting card
NJ-T1e5mg9c	key ring, key chain
hqBC7fPjAFQ	key card
pT_imQc-e8Q	high chair
-14erA5-DmU	headphones, earphones
C2RKrZqhxs0	handwash liquid
ALxyoMCJZRQ	handrail
tJumVWwN-4s	hand shower, handheld shower head
6SCnlZHDp4I	hair straightener
uyqfuQKwBnw	gem, jewel, precious stone
TKZWvjlDSbQ	garland
lT-U4Us0m9U	fountain example 2 cross jet
2ApvLoa90ek	fountain example 1
G3-NYM4jdGY	foot mat, doormat
R2i8MW23cwQ	trolley
iEjBSh9hFM0	tongue cleaner, tongue scraper
X8wA0ZYKZWU	toilet tissue, toilet paper roll, tissue roll
y6Ie1tsB9hQ	toilet cleaner, toilet bowl cleaner
FVZzIZa8f4M	toilet brush
VSaKziZByiQ	tent wedding
-FiqfJw6XDM	sticky note, post it note
Sn7de8wwojE	speakers
4Kdb012dBnU	shoe rack
GtBJBxfvUIU	sewing machine sign 3
6-sGl4K5LhQ	sewing machine sign 2
JjV3uuAbxMU	sewing machine sign 1
a8HMUPM8YD8	ribbon
EHmpa9ODI_A	remote
-h0-P3fczMo	razor
NcAeZRSxDmM	razor blade
tBP-j1PmGfI	rack
X87Of_xYh0Y	paper
9vK2hjNZmCw	notebook
pdXmluj2Ecs	name plate
gjJGyicHf2w	mattress
EOuHmH463jw	mask
9xdJr4YgxSo	lathi
dsjB1wkzPKg	latch, door latch
acbpHbyc89U	lantern, oil lamp
bLDCywKMmxs	landline, telephone, phoneline
gybkXoGdmrI	lace cloth
J3hwYT5FvQw	kit, gear
YqFFPL2dSf4	gymnastics ring, uneven bars, balance beam
9BVce8QjRZ4	gramophone
PEH5VLH-Rfg	fishing
7PMKhzpJx7Y	dumbell
2AFJuB-Ru8k	drum marching
ha1MYQmhW0U	dice
F-Tgs9H7NcE	diamond, heart, club, spade playing cards
yOBS9FlA6A4	deck, pack
Cxr68ZxZXZg	deal playing cards
6DbzWgzkqQo	dartboard
bt8dZU-ik0o	crossword
Mr1fiWhxnxE	bungee jumping
dscGI6n8YRU	ballet
iUJIM4HybWc	athletics, track and field events
cKjk92uwiXk	athlete, sportsperson
6OqS_SXW1Ik	roller coaster, roller coaster train
pf-dmk8eGZI	rock climbing
fPJ3q3aT98U	rafting, white water rafting, river rafting
CfcmeRt-Qv4	raft
uDcvu8atNQM	racket, racquet
2ZjklTdShUc	race track
xGBCt6I9Kj4	race course
ylaorsaluOo	polo
IFUlSZVedA0	parasailing, parascending, parakiting
oPdnnxAr4OA	parade sign 2
ulWoKs73z3E	parade sign 1
S02dl3xmwSA	origami
1gZNOrPQz5M	jockey horse
L6WlW-ijhJM	horse racing sport
DSfcYgOTagY	hand playing cards
XefTHAdRrHk	zorbing, globe riding
mlox1or5XIQ	winter trekking, snow trekking
zyY9r83vu9Q	winners  podium
y8tzVY2oJHM	water skiing, wakeboarding
dXNFXHJb2j4	tuba
gMNOzQgfnrk	treadmill
zyoUbJHBSR8	tambourine
mZYQCLds3L8	surfing
0q-yBWGLR9E	stationary bike
-l3E0WdAKGs	snorkelling sign 2
0_GOR984RX0	snorkelling sign 1
K82esmK4beY	sky diving
YJ6Edi6as2I	shooting sport
EiIWyd4d_Ys	scuba diving
VQc2zZAIhAg	rugby
UTUtwGvKQ_A	roller coaster
MQn1Ybx0OY8	yoyo
2olmKN32oJo	toy car
AcAoFhfCvNg	spinning top
JEs0URW-If8	soft toy, stuffed toy
hrReyxZJkbA	Ludo game
C6ODTLWO0Iw	jigsaw puzzle
ywQ5P1YVqSc	building blocks
45WFUCurDro	wide
08DC4Hm2Tj0	wicket keeper
IWlYXld_HDM	umpire
5OTCUPDfA0M	toss, coin toss
_x_rF7-2U4U	test cricket
YDWWV97qQjY	stumps
-VkYwSLmqR4	spin
ocaFAHAKvqw	single, one run
QGCrNiuZ_c8	shot explanation 2
Dsbrau-AUtc	shot explanation 1
UOaS0l8HiGQ	runs
G51B8XYyjv4	revoke decision, cancel call
ftKXwU3IzW4	pads
jJcQ4MRRSww	pace bowling, fast bowling
ZGxNWI6q2Fc	pace bowling, fast bowling Thiruvananthapuram, Kerala
RYbUz5VBJqA	pace bowling, fast bowling Gujarat
fGEIE7kIROA	over
V6ncKFgM1qo	over Indore, Madhya Pradesh
s5xk1OEVNYs	out for a duck sign 2
u_O3eERRZMc	out for a duck sign 1
m1xTLuDFu3Q	one day cricket, 50 overs format sign
hYckF7kjRAw	one day cricket, 50 overs format sign and explanation
q3JVYEx-EI4	no ball
QKPpBymlk0Y	maiden over sign
vBzUahBHtW4	maiden over sign and explanation
a1Ph4Zz-Gvg	maiden over explanation
AOqIt-hLOmY	leg spin
-IVk1dOtvxA	innings
fU9ybDbWqBI	Indian Premier League, IPL
_XTugxwE6kY	helmet
O7x1aM8-GxY	fifty, half century sign 2
UrQNmmjb8tM	fifty, half century sign 1
hBwuyMppGSk	fielder
3GQrWFG5IJg	edge
UThWTSrXJ-Y	crease
bHwo145apdg	century
R9j74dT1mcI	catch
f7JQbIskH74	bowled out
5LzQZlDWdN8	bails
vtMlKbYC-Wk	all rounder
J_gX20HLiiA	chop
qeuy8kG06EM	chips
r1x9rZI85F0	chimta, tongs for hot vessels
EtXCmzB2HJ0	chimta, tongs for chapati, roti
HKIbYlzWvOw	chana, chickpea, gram
W_2S4bBcUNo	chakla, rolling plate, roti board
Z2XZTEjyP8w	casserole
CBZEiZjstko	brown rice
fL42RwEe9K4	blend
r7c6xQld230	beverage, drink
u-ml_i8nudM	beat
TeAkPG9P2wA	batter
VeR5oKKxIE4	bakery
yiixABiEyME	bake, baking
k_W5bfCG1UU	aloo tikki
-33UOY772bo	grater, shredder
wtNW3AGFqQk	grate
NA7neMilwNg	golgappe, pani puri sign 2
SiblYR8cC84	golgappe, pani puri sign 1
CYaate0AgGk	garnish
7nsMp4QDMBQ	fry, frying
qtbr9T5We2s	fruit fork
BSVeqs6Vxgk	french fries
vgFuCFPJEFM	egg
WxWoDnQL7_0	earthen water pot, matka sign 2
6tq9K5bCLNw	earthen water pot, matka sign 1
s2h42U3hY3Q	dice
iDkCGiOu_ls	cylinder stand
JRLpDxZ2Ws4	cuisine
uZEXGpoUeBw	clarify
atreYRjXdeg	mince
HiGL-Vu5rBY	milk cream, malai
syVTQxXldTc	microwave, oven
lFrYgFmGcCQ	mash
8ES8eLHJkQU	marinade
fTO-gYUzNJ4	ladle
pZVj0RH2TTk	knead
j_ztzG-woMY	julienne
8REJr21L_Ag	ice cone, snow cone, gola, chuski
O6Lb2-U95Ds	grind
rOvczghFHAE	grill, grilling, barbeque
D017OYDHzbA	green vegetable juice
aigy7QenTkg	pakora
xETCy28ZU2g	mortar and pestle
3y_GH2qN5bg	momos
gZvq5OzWQ80	raita
wHuYZudoolc	raita boondi
WUldCNyqz1c	raisin
MmimvcA8Yus	puree
kQJNDufl-Ik	pour
vwIaVJwVteo	pit, seed
XwxYjUap8C0	pinch
D3-mUSNt4zw	stir
RTQ3C4SIS-8	steep
Jz8IJbwpqoM	steam, steaming
IS5y-DtT9E4	slice
Et2saxR3JXI	simmer
uCkCUvTB53E	sift
ymj7QQRyDZM	sieve, strainer
K3T7Cteyv8w	shred
GZWVexaKeIg	score
qDmCj-EIIzI	sauteing, stir fry
dKqAIcrV-IU	roll, wrap food item
fmmOQ2iS0fU	roast, roasting
ZERe9hPC4hE	reduce
QI30cz49rKU	recipe
Xo2MAOB9CPg	peeler, vegetable scraper
lKwhxNS0KnA	peel
4TfwYAyxHVI	peanut butter
10JZF0uiyuQ	papad
1fSnKv69WPw	pan fry, pan frying
sni7sTZoVuA	tadka, chaunk, tempering
sITdwa7DGhk	tawa
VLi6I0ZC4B0	tea strainer
IDgQOTanovI	toss
TL4b4eI40kw	whisk, beater sign 1
ED3Ko3Wf698	whisk, beater sign 2
qqCT-7Y4uCY	wine rack
opgAslWxrz4	yolk egg
Zwn9IOedcuE	conclusion
EzQtrT0vjK8	class
0dPQmz15gdg	campus
mJeyb60e_ME	camp, tent
zaacK4jaEA8	call someone called me
HrApISDOGbI	call sign 2
AZYOFnu5v9w	call sign 1
OFm55zRdQno	bottom
v35-4kShiC8	blank
2pTD5JUfmTE	birthmark
_UNXTs13Pa0	become
6w2X587AUEw	assignment, task
nQFOYe6er-k	arrive
vSQX4suuAcQ	amount
Ef0Ur3KN16M	all the best, good luck
uLSjsR7Stfw	feed
vDiEQjOHiCM	fed up
IyA03byfTYM	fall
pdFZU1S_SIs	expensive
1lHH1YgL9QA	employ
vv81FUOP86E	drown
xLW1U6tIIZI	die, death
vefRPusP6c8	delivery food, items, etc
T_UkH9lWWKI	delicious
UnZ2OEkfYDY	degree sign 2
4b3sh2J3dJg	degree sign 1
0bE6cow9xoU	degree example
FxHe6CEMDFI	costly
l62_j-wi0M8	cost
X0d_UsguFlo	connect, link, relate
M2-VL8wZK6M	height sign 1
6y-5UC8E4_4	hang
d_23NukFxWE	handsome
_2jLi555wtY	guest
vkyfE4rzpRI	giant
aiHhAFJdw1c	ghat
nNtryWs_I3I	general store, kirana store
eSZplHvSuaE	funny
mxZN2NzqKfM	full time sign 2
GPdDBxUnza8	full time sign 1
cJ4TYyET4u0	free
gu4tq--fAGU	force
s42sCtqMxU8	fight
uje0rJVODBI	feel
qNrMM8DssNA	fool
AkB4aOeIQPo	once upon a time
_X03L25zy6Q	observe, watch
OnfyfHiCOjk	message, send
PcL9vuUJm2M	long term
dZiiqenB3c0	logo
fj0FIWJgGP4	landlord
kVdAvzdWoO8	injection
H8tqKF5i9Lc	independent
HpH7n6SrJMs	impossible
axcbo_uOdMo	ignore sign 2
LlBxc7GZMaA	ignore sign 1
UBzd57YVH20	hurt
CW7GMWIBuvg	homework
v5GvZMeGT1s	high five
ewVpSoigGkI	height sign 2
ySRu4JBR3pE	weekday
jGXJtELC74Y	urgent
2nCZJAqs3e4	unhappy
p5nEzC7OP08	ugly
tSIjJEailc0	tear
walFJmEcx9Y	takeaway food
PcM_iXy0EjA	step down
lAJ9K-tp22A	steal
7vcIlpGP_D0	stand
oDTP9GTH5aE	spend
beaCInEfYRI	spell
FSAlQGn8voQ	shut
HkEg949VGHM	shut up, stop talking sign 2
75afITy2Ih4	shut up, stop talking sign 1
WAyzTRt0XdI	short term
Zl0PUrcAshE	shift
0KY2NOLgcmk	serious
AQ5xadg0R3o	section
wp4IyCVfHfs	rush
ozHe9LGHt7U	roll eg  paper
AuXbVa6yD5E	roll eg  mat
j1sBTQ7hXs8	roll eg  chapati, roti
ioqbhTiIwL0	restaurant
_0UoJWfUA7o	race competition
2Bs2ZBxQsiQ	punch
qA48lNk6swA	pile up
x-Ld25yhxJI	pet
v4dCOqQsnuI	payment
EjmWrzGEEwI	overtime
HQJGi8qY4pE	pleasant
WsGKJq-YXdk	weekend
oxGUtE2kp5Q	world record
HhbyGmBOV8o	What s up sign 2
SJt4Kr4OuVE	What s up sign 1
ESg7xQO79V0	anthill, colony, mound
8eadRZqqty0	aquarium, fish tank
k7YOBjvyygc	beehive, hive
3zYlNkgpR9c	burrow, warren
2ZcP3V30u3I	cobweb
I5G8DKNFAaI	coop, pen
1GuNJzCyEq4	den, lair
r4wmstJQaZ8	kennel
7lmC6rujDUo	nest sign 1
LsRclfa1hAU	nest sign 2
JSql5ddz_x0	shed, cowshed
RMqeE2VtF1g	stable
pQH6ClxpHEA	bark, bow wow, woof
IP8vL8F079U	bleat, baa goat
QWAyAGpp3Hs	bleat, baa sheep
_w14Grex9iY	bray, hee haw
G4uKndZduno	buzz, whine bees, flies, etc
f9vp2DQz7GQ	caw crow
T_YoT1Yxqzs	chirp grasshopper
6pNaLtX2rvo	chirp, chirrup, tweet
-vwvwV3zh6A	click dolphin
_Q9s3og3Af4	cluck hen, crow cock, rooster
MHTTYHfaZNs	cock a doodle doo
Bvx76QCHZtk	croak, ribbit frog
BoxupADO_34	growl lion, tiger
EbsQ8toEXcE	hiss, rattle
KocJnby-YzE	hoot, screech owl
BwlPZm1O1EU	howl, bay wolf
d5rf3SrgMKU	meow
yxhDxoABhsk	moo, low
WKlEw0yxk_U	neigh
kE6-eH9AGaU	oink, snort, squeal
Cg7A0N3FCZ8	quack
6rkmVmcyW48	roar, growl bear
1s-zid6MTj4	roar
Nh4kUIU279s	scream vulture
mG3rxVl_ALM	scream, chatter monkey
fVxkRbZ4s2k	screech eagle
3MJLO-agqX0	squawk parrot
i9idtwh65Nk	squeak mouse
wM0JQj_mCH8	trumpet elephant
K1itAJfTRlU	kitten
ONLHA3GmBAI	kid
q4_bA0JwOpg	joey
KW_IYt3xcUQ	fawn
3j5tm-Pe9Ws	duckling
ZXvIkjsDgF0	cub
Wx22Rv839-0	tadpole
oK7loWaWDdU	puppy, pup, whelp
DqfZl3RZOD0	piglet
QKgoq01bKAo	lamb
ocuNt3HZW3M	colt, foal, filly
h04uQYmYmCY	chick, chicken
F_EVgSqM3d0	calf
qVH_VHSAVzc	swarm of bees
X8nMZSuCfIE	school of fish
IsYpqw8i3XI	pride of lions
fcjY4axABmk	pack of wolves
__3lVVMq-o8	litter of puppies
cD46VjjWnD0	litter of kittens
58FW2tQP9ok	herd of elephants, parade of elephants, memory of elephants
_X8VRlSM75Y	herd of cows,  drove of cows
rnpH3awHArY	flock of sheep, herd of sheep, mob of sheep
CnJXyRj8F1A	flock of goats, herd of goats, trip of goats
G7BtwAjnwVE	flock of birds
twS_xUthoBQ	colony of ants explanation 2
uQApIjBYxlQ	colony of ants explanation 1
ZL-vKm2e0GQ	army of ants, swarm of ants
Fo3xV2e6plI	ladybird
1bWba0OLUS4	donkey
HJZlFVyPI5g	vulture
AOuUBfdCN30	whale
eWEBLSZp_-c	masturbation males
PhPRxY3FHLw	masturbation females
em3YUNkJIcE	account
ETMTBLG53oU	accomplish
9Cy6tShFSNc	accomplish, achieve, attain, realize
283-J19kIZI	accessories
GeZDb5_SSLc	abundant sign and explanation
NNR7TLkTftY	abundant explanation
AReveMXhq8Y	abroad, overseas
HWrzrrE8-lY	above board, honest, proper
1prjoYf2I0Y	abort, discontinue, halt
k9pt2WjWsdw	abort, cancel
Q1Ol0QIuRqU	abolish
xSwDDBzo0p4	abode
onWOwACy7ms	abide by, comply with, follow
iiEvzKls48o	abhor, despise, detest, hate, loathe
-xpcPTnkFRo	abate, subside
g--kYdR6Q58	addicted, dependent, hooked sign 4
PYocOoHVMcc	addicted, dependent, hooked sign 3
nWS6aZSurik	addicted, dependent, hooked sign 2 2
TCYQe5JG170	addicted, dependent, hooked sign 1
7wT_fWIocCg	adamant, stubborn
Ewjd2t29zG8	acumen
rjwU4pNNBEU	acuity
ayonEInIa_I	activist, advocate, campaigner
zFTmqjDoNEU	action replay
ladVXR6BBuU	act your age
X5YmjlVCnzc	acquire
45nPE37KjV8	acquaintance
z0vK4N3crNE	accurate
JLdqXHtkd8o	accumulate
ajlN6H1IeNQ	accountable, answerable, liable, responsible 2
ew4Rxg65SZA	adrift, aimless, directionless, goalless, purposeless
XQvhiA_bIFg	adverse, detrimental
3fQdnd4ICys	agnostic
VMHkZZQlGMI	age old
YjZAB2Tz8dQ	ageism, age bias
isLMfCO412k	aftermath
lW8v1S8BMP4	afford
85e6c6omSg8	affluent, wealthy
N5d-udSqHhI	affiliate
lBvpNkL4XTE	affect, influence
oO7PdNu5HQ4	aegis, patronage
UNDtopw-Ca4	adrift, unmoored, unanchored
Tnt-cekxzZQ	adjacent
ygaJzIFDc14	adhere to
aDWTzM_EL6U	adequate, sufficient
6j7delTumo8	apparel, garment
N8Y3n4CUb8Q	apex
ikMODssCpWA	anything goes
6mrpMvzBmNA	ample, plenty
Epp1rgi3lYU	ambidextrous
bePh9SLBwN4	amateur, non professional
xbx-dw6vjE8	altruism, benevolence, humanitarism, selflessness
OmoSj3z6wSY	allocate, allot, apportion
phRNBxqNuFQ	all by yourself
BzEtei3w46E	alien, extraterrestrial
9fLYqe3Dv-Q	aisle, passage
wo08WgC6r1E	aid
bzcZJth6kdY	agreement business
MGv5WVlS5os	agony, suffering
rIIIcmdWJ_s	archive
ISVXphDCDBA	archaic
Hs_gjRIz8J4	arch
vHMeDlA1GMI	appropriate, relevant, suitable
nalhuT4RL_8	apprentice, novice, trainee
-FR-8LkoAf4	appraise
5-GhDuSW2a4	ash
xcwFAWeIiIA	ascend, go up
saaUqIHBhXY	artisan, craftsman
mAa78fAhCBM	artificial, fake, imitation
cuhlZ8g7pGM	arsenal, armoury
Z5cP85xq_nI	aroma, fragrance
OJ_bfwk6PbU	arms, arsenal
bjN7PGjXntQ	armour
XI-Ya_zOvog	arid
jxW_0jcxCoQ	average, not worthy of praise
AZXVQb0CAyA	autograph
nlWcmETIpbY	audible, perceptible
dx1U-VZgsYk	atone, make amends, make reparation
Bg1RXbB2D5k	athletic, fit, active
vhovPvocJOU	atheist
D63ax9Kw9Qw	at large, on the loose
KLwxks000Tk	assure, reassure, relieve doubt
Q1Y45CzOrXI	assent, agree, approve
EAlt_VWbiPY	aspire, aim for, pursue
3I2M7gc4Gto	bandh, general strike
uYuEMgFwsdk	bad blood
mWITdUxx8G4	backstab, betray
7GL7h9MXPGQ	backbreaking, arduous, strenuous, gruelling
rvdSDYfneIo	bedwetting sign
7-H8lqmfRjw	bedwetting explanation
JXm9aimyEhA	bedridden
rw8hYbppJmg	bed rest
LtwJEYWnKU0	beware
3osgwP2e_G0	bet
hR0xPpnGHKg	behind someone's back
YSieYuWNOrE	behind bars
5WfeWG3xGis	behead
twQ8Qb9R8Tc	beat
6wavbheS8l0	beat, defeat
76llN9aK6WA	bear fruit
sPShq0SyoiI	be yourself
nYf4vKwnsok	be on someone's back
TYizOfBroUI	barricade, barrier
khZbgGhSvBw	bright and early 2
b8rvK37fCzU	breastfeed
ozWwy7H38Cw	bounce, rebound
hXl0A5-ds6w	bottlefeed
uOiXuNLe1WE	border
0iMQCqjG0c0	board panel sign 2
UN5lkw3f_sk	board panel sign 1
Sx_efrmUFH0	blow
W0xG-YMXVTk	block barrier
hJBvVqgEdCc	blink
EkvojC2Jxys	biweekly, fortnightly
VPeTiULfiLA	bulletproof
3j5wVxRybJ4	bullet
0HPLgcFDIhw	browse, peruse, flip through, leaf through read
9dRkeanV30o	browse, look through shopping
g0XNt0R4Eb8	caricature
k9AXInD62iY	cargo
sTVqgNJ4b-U	cardinal, key, fundamental
BYY48CLGr9I	cardinal person
hDs-jMm9dJ8	capsize, overturn
2s7LuJDCd50	capitulate, give in, surrender
KZ7rcJdu8wE	cannibal
gsGUGtW5E0c	callous, indifferent
NTTlYcy3GWg	calamity, catastrophe, disaster, tragedy
knHXSiV_pQ8	cacophony
oqTZqSo_fhU	cabin
jnd8BfP1ztU	bystander, onlooker
A6Rd6N9uLMk	bust, statue, memorial
ISAuWJtFs1E	bury the hatchet
vCMbKG9rnEk	burn the midnight oil
PSntlzsOzt4	celibate
RovpcMjgPgg	celibate, chaste
G34j3tlZRXg	celebrity, personality, star, big name, celeb
Vl5FZxkx3IQ	cease, discontinue, halt, stop
QFAED7FBldo	cavalcade, procession
vC9UFI1U0Wk	caution
FcEzXgpOaC4	castrate
hKTHe8P6uqw	castigate
9BqeJPCVo1k	casino
OYu35PHClx0	carnage, slaughter
ydJ-SuED6OM	challenge
uzj1z_4hah4	challenge sign and explanation
qelx63DFAlk	chain, sequence, string
_3q4Uvk_C1Y	certain, definite, sure, positive
3Zi1DhhPRs8	ceremony
ujtzoVW3aEA	consensus
K74t7NEGiuc	contract
mIAvHvhYo7k	come of age
ZKszQELAGzw	circus
q5JoHwkELQE	chop
jDUGS-3uLa8	charge
DAwmQVjIbqg	chaos, disorder, disarray, mayhem
Mh4NzVQB-gg	dare, brave
UeIoSH2PoGo	dare, be brave enough, have courage
UHuovdDniZ0	damp
iyCgirbp2Gk	customer
OgHlBQh5kMQ	cubicle
li2j2kUzXZ4	crush, smash, squash
r8g6qc1zWOM	crumb
X1YiOfpqJeM	crawl
DWR2QL2TqDE	deal, handle, manage, cope with
emyNKVmnJb4	daydream
CJ5o9r0w1s0	dawn
yquOJtD-9kc	dare, challenge
DwxfQIZZrqI	dare, challenge, provoke
F29FNFHbO7U	dare, challenge 3
mnR0NlEkiTg	dare, challenge 2
ucFQ8RTTV4A	delighted, glad, joyful, pleased
Xl7eP37HkGc	delay
ro7_7D6XZTs	dejected, despondent, dispirited
RTsbLSOhwEk	deficient, insufficient, inadequate, lacking
8CB84k2QleU	deface, mar, spoil
I7D7zRzyej0	decapitate
wqy_wYhGw6o	debut, launch, first performance, first appearance
f4br8I-TzTw	deal
Xlskqs7qNF0	disappear with the arrival of someone sign 2
ja1OiG2hetQ	disappear with the arrival of someone sign 1
OLotkAwoxlY	din, noise, racket
nLe8kYNxqx0	devil
-TJTzZkcIKQ	derail, go off the rails
LHG2pCelUO4	demote, downgrade
D_ypO5cBJew	demise, expiry, passing away
nhaT0REuCMs	entertainment
g3InjoHTfg4	enter
95_wAPT9BDM	effort
wBfB9HCNblM	eagerness, willingness, promptness
KW0A3ruA_BA	distracted
qZ5HhweFcgs	disorder
JCxaBOa9Oks	disaster
_s2ryhYf9cw	disappear with the arrival of someone sign 3
TagJgRWxnTc	gaffe
CzLVPeivQB4	from rags to riches
1G_pWBvxL9Y	fortnight
Cl2UibyiQg8	fart, pass gas
eHn7-E8j3II	faint, pass out, lose consciousness
D9zw4aq_vAA	exploit
O9gx8jWKYVU	expense
IFWcju3NeCE	exit
N2JSD2qn19s	exhausted
R-M6xB7u2Pc	gangster
gsRVIdptQL8	game plan, strategy, blueprint
86Qoe3Dclhg	gallows
NXHmIdfRXgg	gale, windstorm
aSPJmm-LjXI	gala, celebration
t-SNZ7gLW14	gag, muzzle
IXzyf9D8_4Q	glimmer
4J8ukbeG5NQ	glare
XnaRjWLxYhk	glare, glower, scowl
JWG6pHZcTqw	glad
8lFcH-qrGE8	giftwrap
CULuEXj5Ums	genre
7C5FKwpD-Sw	genealogy
rmtUEB6X-J8	geld, neuter
7brvDDkc0jw	gather
YL6mKd5Ok4c	gather 2
-uaGUjyn0DY	gatecrash
n8ZfG6cKUaU	gargle
pyQYXbe63-k	gap, space
TAjfZ1oRRKE	gap, lack
jvZub10gDQU	gap, disparity
w7AqrDMxhjY	glutton
GzZJWcwzR1g	glow
bujFujzxcio	glow 2
m6MWgwzK23M	gloss over something 2
PkYROtB8lyw	gloss over something 1
MrE1wZutsoI	gloomy, somber
-yym4gnRDdM	gloom
RDEcICQOBHI	glitter,  sparkle, twinkle
obeAI02Hea0	glint
z1rgez9iD9Q	gossip
hp2wRu52rZM	god sign
CpWSFGgI1wg	god sign and examples
bteusfWU4AE	go out of business
2TVFiVXDMGY	go ballistic
m-BspeCRAvA	gutter, ditch, culvert, drain
TJhDO-ko_Hw	grope, root around, fumble, cast about, scrabble
_9i9R36kpcA	grope, fondle, molest
9WWP1LPKg_k	grill, grille, grillwork
-8lsoySXlPg	grief, sorrow, sadness
bitwbOHAq9E	green with envy
b-swwR_XmfI	green room explanation 2
y6IncHiKBts	green room explanation 1
S3jvcKb8znE	grease, lubricant
vuvF3O8ULLM	grave, serious
mwPFsxPmBCE	grave, burial place
9MFqb8J9ino	gratitude explanation 2
mf_yKNyp9YY	gratitude explanation 1
jLHUywzJ9Kc	gratis, free of charge
YdLy0MloxVM	gradual
96i7dPcFCyA	hold on
DqeDQbfaywQ	hide, conceal
7cdJyR9hwcs	hell
ypIsAKT69Ms	heaven sign 2
kiTMSicqd2M	heaven sign 1
uGzZtSoCKYw	heart of gold
jkQEyVWKYMI	have your hands full
gC7EOvHat1Y	have a ball
c8ePkHfuW48	handwriting
D62pt7sBznI	interstate
lyW-MGbTFQQ	in touch to be in touch, to get in touch
gMEo_CeTwz4	in advance, beforehand
3mNhRmGdY0Y	implementation
EATClTvn0tw	host
dPCCMvgyZZ4	hold
REDlYKJHZW0	labour intensive
FXcCeU5OzHU	labour force
RZSXvFhc2hw	labour physical work
tqjE4GsappQ	knit
Iby5eijOUNY	kneel
nHGdQRw15QY	keep somebody at arm's length
wGVwRRuBZeI	jammed, stuck
hSzKgQQ5p8w	jackpot
hdCcUVx9gCc	lacklustre explanation 1
yMCrcId7-cQ	lacerate
QnQ5ZLZls50	lacerate, criticize
DGBmxN9HsOE	lace up
b9EpuyIztpA	labourer
rizjhgmd-WY	issue
I0lqdRdEnrc	intrastate
RgW9Xi46WiM	landscape
cS77CknhurM	landfill
__wVLZlhtfk	laminate wood
QhIcUr0gjaI	laminate paper
24D3aoLZwhk	lame excuse explanation 2
Al5SUne4rn0	lame excuse explanation 1
0rcd7tu_tCQ	laidback
tGtD3HRf8z8	lacunae
V6496WPXPwA	lactose
qY21g6gtLC8	lactose intolerant
dfJf_WCAfNg	lacklustre, boring, dull
m33OHJDv6NA	lacklustre explanation 2
QasCnNjy4J4	large scale explanation 2
Apd18kRX4-I	large scale explanation 1
JzyX2sR0aR0	lapse
awRnOvFxJuo	open minded, broad minded
CF4y3d384b4	old fashioned
f4W6OIdRaEI	noose sign
tuW_8xNpGaw	noose explanation
_Ni08gm9hUc	nightmare, bad dream
_LRy035Ars0	narrow minded
x5dozV0GgRo	mole, birthmark
KJSHVz6mHBY	mind your language, watch your language
BkJpghHupy8	mediocre, average
uR-57rC55ic	mastermind
ODI2DmqJYuM	master
vZOv5xAp0ic	margin, difference  numbers
I58Q6UNXYrU	manual
xH03WIj5VEU	location
DunCj6Ua42o	lather
WkLhh9KTRMw	same as last one, same as last time
EKLQVzQFdPI	risk, uncertainty
Qpn32fQp_7I	ride
nXyNy5b-R2o	reward
HwMf-oPRqfs	respond
I8qgoK1_qeA	reside
Bx1xldcfXoU	reprimand
VLb1h8Tw_IE	rehearsal
QHALonP79u8	red tape
KGgXTSTG4TI	ramp, runway
s168Yse4V_Q	raise, lift remove words hand, head, table, etc
XkNAchf_xiA	raise, increase
I5s7nIz9IYk	raise, bring up, rear
7-rsdIpzeWU	raise one's hand against someone
MkLbmEgxk8s	rain drop
1dVncG7NKwE	rage
HwToT9cPCbA	rag
tObB5KaFRMM	racket, scam
MiuIxTD6ZDE	race
ur0UviL-50g	procession
LqkoYbMwyZ0	priority
ivDLWp4kUh0	predict
xs5gf_mGnDw	pilgrim
BPk-7ebwxnk	philanthropy, philanthropist
L4xxAEWd1e4	pending
A9Svm5bNZGs	pee, urine
xFUkNWsspHw	passed away
zLrsPES8ffU	owe
nV8DPm707cI	out of action
xXm6PM12juE	orchestra, ensemble, symphony
JzB_ss_NVJ8	stock, commodities
pwOqXHzH1kE	spot 2
0lnhT56rLFc	spot 1
82UB2hWcsCU	spiral
B6zmiYeF6lc	solo
U1PhMmO4MF0	slaughter
U0_cmFO1jT0	sin sign 2
VnAl3lu9sNc	sin sign 1
_MoK-cJOgtM	shiver
JXHnwIkqPXY	sew
D9p4kbaZEDw	see eye to eye
bbPRouLVTYU	surrender
bfXcrgN9afs	surface
BIge7IgS4uo	sudden, unexpected, unforeseen
JBQ9XD9hb5g	studio video recording
BsTBBYmhNoQ	use, utilize
tyYUlCikK1Q	update news, information
ob-AmNtjdnI	unfeeling, uncaring, unemotional sign 2
GGdPRplnsaA	unfeeling, uncaring, unemotional sign 1
nE4cYtnQD5A	tight hug, tight embrace
xTF22I5lL7Y	thrill
REBqwlKAYkE	theory
YrxH8huzKQA	take off success
olb0nkATRw4	take off clothes
ReOT71I7wvQ	yawn
MnVpYqFe5JI	wrinkle
1maQej_oV84	word of mouth
TDZxzknDTt8	waterproof, water resistant
j9ErlO057wE	waste, excess
dxGKPFcTeKY	visible
BV6kNJhWxMQ	year after year
8EaQxoDHbZA	yearlong
tE1-YX0EuD4	yearn, long
eGupva-rFEA	yell, shout, shriek, scream
wQEaOUWUGPM	zone
aO4uNwXFdrM	invertebrates
4fHVHfm2JV0	AC express train
r7izspMDMts	air hostess
eEfuhSdz6Uo	baggage reclaim explanation 1
_jep8SzUPPM	baggage reclaim explanation 2
qZM2nmMj8s8	berth train
z2dQ7caHgYg	boarding pass
FVu4ZQKIwhg	brake lights
JLBe6gbaBvQ	bullock cart
PSXKB-rmQX0	cargo train, freight train, goods train
TV2jTvdxKIw	carpool, carpooling, motor pool, ride share
2mv69CLtEnk	catch a train, bus, etc
iY9G1RaCBgI	chauffeur
afb28cAWV_w	check in
gE883EEH3WI	check out
QdiKnhKu3Pg	coach (train)
qEOrCwNK4gQ	escalator
A20dc_CbsOI	flyover (road)
UkSdeCAoyf4	foot overbridge, FOB
PdgRb3YYGj4	headlights
ZxMl7WupsCs	highway
ySbvp8Muwvc	journey
fn61i_ohuzo	land
KtqVf861Ryo	luggage
dnsRlHbxskg	moving walkway, autowalk, travelator
IQuuW-kzcYk	number plate
AabigWwAub0	oil tanker train, petrol train
MOJwHWVvL3k	parachute
xTJVsRjzzDY	passenger
Mi-E645kUuM	passport
Q3Mm46vC4MU	pedestrian 2
V78QfYH5a_I	pedestrian
Y8o28lg8g8M	platform
RwVNvjbOhzY	puncture
yqHDrmTNZJA	raft
wSlvBCTgnOM	railfanning, railfan
otaxVNPOxXE	ramp
baqmZBIjApg	signal lights, turn lights, blinkers
J_ru15E5oCQ	speed breaker, speed bump
9Av4Bs2x790	sports car
ZfJ2KSFDB88	taillights
GZixK09MCCc	take off plane, etc
3oKBHpxyGkE	toll, toll road, toll booth 2
PoXm-8QwmQA	traffic
IVoFeLirWdU	water tanker
ZIj9M6WCtmk	3G
8_ABMwjJayU	4G
2QqT8tXM920	age
CNg2vcOjSjg	ant
w3LgNPrFQqg	app
7rBBPLdjCAI	area sign 1
d0pqR2XygBI	bag
vog3MDdS_eA	bat
FViUKGxAKDg	Bihar
MC5HmO8Iv7A	cat sign 1
4fU0DaBpOMU	chair
pdLj3hXV0q8	cook
kwNonrH9C9o	divide, cup up
UC5Hk1fVoz8	exam
C1xsvnOrw-U	example
BGCBBQMIkT4	fact sign 1
1NJDbR20l4Q	far
KCl_t-uVljA	farm
MYy6xl7axI0	fast sign 1
QUK4yi0T6sg	fire extingulisher
Bw5ArWRzpAY	fire
ueZcHW9o0vE	first
ZvDppMacAWQ	fish sign 1
VolUarmE5TI	flower
dTI8mMq81eM	food
LDF2uGpkacM	foot body part
SRyhqX1FGTs	football sign 1
KiFFLIOVQSw	footpath
MKdAjTyFlTs	garden sign 1
_nk1-VCmkt4	general
hKaYz08MOn8	glass
CMmQ1rh-5hQ	go
uTUrAaUrLG0	Goa sign 1
8XLg8rLK4zE	good sign 1
jnRmB9dUdoE	Google
1vV2cuwR8J4	guide
EiRkAvi2KDY	hat
hDsmZPfUGzc	have
DrNfHyG38aw	he
nD1AtvfpjBo	head
L4hUGjBoHhM	health
bWc6F_nFrSU	hearing
1xIWUqBGkhA	her, hers
XtMJcffJ2NM	his
xNlUex-09ps	history
le47lyX3fTw	Holi
XK2B5G3hshs	holiday sign 1
ke8JRiFHx3g	hot
2IGopEPe4kM	in
hjbpSOoOBmw	India sign 1
Ux_YGaPJEWM	Indian Sign Language ISL sign 1
glElB8GuUdo	insect sign 1
Mxyf1OWorLU	institution
__nA26iPvDY	international sign 1
HJsB9KZayR8	it
Aresava8ILw	jacket
rjtiytyx4f4	jail
AUBirrdj6CU	Jew
HxXeCum9-NI	job sign 1
-iI-2pvNmWQ	join sign 1
LeroNx_sYRU	key
GTsvj01_GEk	know
NJXgYEHR938	language
qHqNzbIsJoM	law sign 1
PSsbogF9zc0	letter
EGlxroI9IA0	level sign 1
e7nXruVJmDU	lift sign 1
tJOMkVMkYDw	limit
X4MKNq2aWN8	line
7GZjj9dm5wg	link, connect, associate
rVt3yJrZDaM	live
KPkyBLZqLAQ	local
BCr13Cd0WGU	magnet
ArHtJGLCEL8	make sign 1
KTnQ_qP1iP4	man
YW3Kif98Oow	market
C-siuge6Zw0	mean sign 1
Lj0AVXnIUaA	measure
G7v5KIJAMYY	meet
qQEpla3dyaE	meeting sign 1
Jcr46tdC1jE	method
XVrw-Q9SwHw	mix
eJQBhVEwzBo	model
JidnDFzosWc	motor
eEmeaYzkSnA	move
2QOUHCUeE3A	movement
LiPPnLYbv3I	my
Colw2APRlh4	national sign 1
K8tffkN-zZA	neck sign 1
Kb59JvSEQlQ	needle
_QzAxW9t99Y	new
8y-SO8v4IXs	next sign 1
r2knl7Ggucs	zoo sign 1
jhUxM_Z4Pmc	your
B1zs0uEb9aI	you
huwLYnZ6dMA	work sign 1
OHAXiwiJbVI	word
vcZdf7pZzq8	wood
IGLajxnXGIU	window
cFjUHShgisE	wind
_xLBWshEUeI	win
X4dh5KZPtEw	white
Zk_8W3_6jo4	what
F27rqpBEaI8	weather
hNkBC1bIFz8	we
iFW-jmBq7wc	water
_NaWDiiXaJs	waste
wB-y65blfP4	war sign 1
zg0Q9wBoYJw	wall
NxkQZxDoUI8	video sign 1
cJ4I6c7G3Z8	vegetables
IV8-GgMjOzM	up
Qxfqf8Ic3BQ	under
6jKKol4T_bM	turn
1d3lybO4T44	tree sign 1
iM1xMAR0_WQ	train sign 1
zSEM84Dvr9Q	traffic
vE_hLelUl-4	time
Be6EmWFr4Mo	third
DNevtPPZW0I	technology
HhgJ2Je_cSs	teacher
ClqG0IIVDBA	teach
YQSQml2ePQM	tea
pq5SXbxVJXE	tall sign 1
WTZ8fCnM90g	take
p6nDCJqzPt0	system
Oi0V4l8oMA0	sun
X6K875xpliA	steel
EfEk1WUTZbw	student
PHSrCBDdcw4	star sign 1
u1vwlvGFVzE	sports
TuAImrOlx4E	special sign 1
s_OImSAKQGA	son
DdLcNUoMf1c	some
Ua6A-7CsIi0	soil
KSEmfVTtiEc	social sign 1
d_HoIRDXQLs	size sign 1
35i0qoRJLEg	sit sign 1
BRv6LQ_W5cs	sing
q_tAK83vUbM	sign language
FFWmw4NnW7g	should
Vic860ZbJtI	sheep sign 1
GGc4VrmWcBg	she
qHiphiK56Vc	sex
w79c6PAZTzo	seventh
SZ_qYfBPsR8	set
QgLB-uDMkl8	service
9KKERN50i8g	self
YA60JWgFuYQ	seed sign 1
7ZzerQxIzp4	see
KgZPc7xRPU0	secret sign 1
GAWb0POgc7I	season
560humDp3J0	search
xc7UVlfapUs	sea
_UQrz5J8Ook	school
AX7enrjZ3po	sand
LWw8SXYhulA	safe sign 1
GTFUkLU6PPQ	rule
ebmhe4dOwOw	road
aDveQxJVXgo	ring
RP3l4P1JbFQ	right
eqziG6VXoEg	return
J_sHVHwa7Z0	retire
toUWm42fWKk	rest
CasOkkSNwmA	report
X5DliA6RMf4	red
wB_IFLoc1yE	read
bkUhGUjl_mU	Pull yourself together
MgQBvt_pZkY	public
HVi_YOScjFw	protect
FOXSgzuk6Q8	proof sign 1
YHTRN8vj8s0	program
cMGFR_GEjyU	prevent
cIrSgpTzZuM	post
FzsVgmsJCmE	pond
B03PYw0Qe3k	policy sign 1
g9D6A6J5GSo	police
gldUPLf591Y	play
TKVTfYbgQnQ	plate sign 1
zZ1lMjkYprg	plan
a4kjjZ8UUq8	pick sign 1
1IVmX0dfoUY	phone
FeI4fO1nhnE	personal sign 1
5blOEOqlkZ0	person
bFX5HfWddvU	pen sign 1
jypsSrTTBTM	pay
F19wLC7JkUs	pass
ciKoJA7fuQc	party
nuvipygpYJ4	pain sign 1
6vncQrNvwTM	ox
fqLFUdlFvVc	over sign 1
C65MI7t4gjU	open sign 1
1Omq5hRWTo4	on
rCvWNwj0b_A	office
j9LB5Aa8ITw	Numbers 0 1 crore
oa1h4fdd6wk	number
RQ0hRtZLmKs	no sign 1
ee81RfWTEq0	Baby
ndWSkV2_cyg	Cloth
v6aVeWHJcAM	Circle
oc1QLrNsBVA	Breath
FwICUFQD7xk	Breakfast
FBngX7K4yaI	Boy
rvo7UdZuupQ	Badminton 1
rJzNEeHExF8	Badminton 2
_iNUANTcSRE	Crayon
UwRKMENudVw	Cone
0DHQ4dMCMew	Coffee
ORB63ZRex8s	Butter
Gg29FvYfcgk	February
y1xcO2sgnho	Fat
L6KMqJkM32A	Art
GgWAvoR2rN4	Assess, Check, Investigate
i9R8Kntgu68	Arm
U7AHSoCy3xY	Arrogant
E8qWxIMo9Go	Convert, Change, Transform
7qgJBHXKk_w	Cool
E4giXaIvfL4	Coolie
lFIJWp8REhc	Cow sign 2
1wmuh0pA2K8	Cow sign 1
JQBhg-9tIMk	Camera
KudvqLJTS1Y	Cycle
hPiBYy4_iVU	Bear (Sign_2)
G2ZoQS_t1dg	Demand Sign 2
qWp2hFVYn8M	Demand Sign 1
4oz8IiZnVkQ	Factory Worker
Xwbty21vYAA	He
dVYgKXvdCoA	Health
PCqrg9PmNtg	Low
hC60V6JVOno	Mosquito
kinxh41ZIQ8	Alcohol Sign 1
SdllzrSOBsg	alcohol Sign 2
3Q0aVfIF24w	above
p3WhyzUnR08	भारत (संकेत 5)
4XFDETsdZFQ	भारत (संकेत 4)
28vfw9Hxvn0	Narendra Modi Prime Minister
NAfWA-NMOOo	India (Sign 5)
T9a3ZQbP0uo	India (Sign 4)
--fkNZqv9p8	India (Sign 3)
0r8j9R2nffs	India (Sign 2)
cltsBNwU-FM	India
MFJvkGZLI6w	Bharat (Sign 4)
H3LDbalGX2g	Bharat
hZCs4zZG4k8	Bharat (Sign 3)
wZC_JQDjVfE	Bharat (Sign 2)
F0XOnYllyq0	Bharat (Sign 5)
60yaA5TNKqg	Bear
15dJFwsqI9A	Face
NsegUCXiNwM	Culture
LkSq_B-Cgos	Abstract
f5ZcOz5HK_g	Pole Vault
JsfKO_PcYRA	Forget
dQ4uOsIL5Tw	Fire Station
0y_M1ePIdho	नरेंद्र मोदी (प्रधान मंत्री)
j9CmnDGV5SI	Fit (Healthy)
kSnfBXxdlBc	Logo
NRLubHidxsM	Live in Relationship
nxvWn4uTQBU	भारतीय सांकेतिक भाषा में मानक हिंदी वर्णमाला
DSl1kAV081c	Blood Bank
_5vEKAsQScM	Doner
SC1KrHBMNsE	Eye Bank
vKIWFUyc74Y	Graft
BMilhEuha1o	Guinea pig
GXxArNYZzMg	Abrasion
FA_eywwcHOI	Abscess
VyoFMiSv9QQ	Achalasia
GqKzEIVZfq0	Acid  reflex disorder
UA9Z1qc5fb8	Acidity
mKwzX6HrX_I	Acidosis
OKj1ulEa14g	Acne
hSoGT7DKZPM	Acromegaly
40f9x0KQKpE	Acute Coronary Syndrome
-5dVGIsVxeg	Addict
3_coVAps7t0	Adenoids
mTUNdDVfA2w	Adipsia
qq--OIvn7EY	Adulteration
5UVVdrbUwXo	Aedes
l81CunYEK68	Agnosia
v0NbSnzhTiE	Abortion
DekJpvfhYCc	Blood transfusion
jd0iNr8alTY	Biopsy
6sIMBeJyCjc	Bariatrics
NqJXrk08Cxo	Auscultation
M_SWMaC7quE	Angioplasty
YrxXSdgC3aA	Anaesthetists
PcfYaJIZD68	Acute
FMCbhrf2pko	Acupuncture
XIaaQui2les	Abstinence
0B_muxafhU4	Bowel Rest
puGmHYhiQe0	Pregnancy Test
0Ke6jCm714s	Plaster
ly6u4l5mNGI	Oral Rehydration Therapy
H60QZ6yQV8c	Nebulization
oEBPeX8fUMc	Myomectomy
mW9ZlfYXofQ	Lumber Traction
sPS85KZhRcU	Liver Transplantation
SmbKTL6SQfg	Implant
XENjOXp09tE	Hysterectomy
vTJQMPj9kj4	HIV Screening
v3toqcPOnXc	Hemodialysis
AnDu-m5xEX4	Grafting
58v69FyKi6A	Euthanasia
7wqMQGM_N-c	Donation, Organ
DjrJJYwJtq8	Disinfection
u4AfpULoK0M	Detoxification
MSv3UG1Csvc	Dental Examination Mirror
dvjqjFFee6E	Debridement
WO0VfvB24e8	Cry Therapy
j6aesOpub4E	Coronary artery bypass surgery
QFL8TssejiQ	Contraception
xkMwGGtKXjU	Cervical Traction
nfqHxmPR-FA	Casarean section
6LTUrM6MH08	Bronchoscopy
twS5BpTdL5w	Shortwave Diathermy
iv-Kad2xyiA	Resuscitation
pbjhBjESESQ	Rehabilitation
IAbloDB94LI	Quarantine
Wtu3ksF0L4Y	Tonsillectomy
HebA083yCK0	Tourniquet
mC8y05CdWFA	Tracheotomy
JaBqBYUg7II	Transplantation
_r_z0G_jOmc	Dressing
av2EdOGH_JA	Vaccination
faIi5y6S4Aw	Adolescence
8_203e6oftI	Androgen
x0HxTomIF8c	Andropause
g0o4SScdPU0	Antibody
BMxDd2mAyBI	Phlegm
6pEmsQsJNMs	Perspiration
LBi8QvGabAw	Palliation
MfAjUyAmPBc	Nervous
_Q9Pz4dCYqk	Menopause
utet9FuCaVE	Melatonin
aPwZZ7LvIK8	Maternity
RoZ7LVMCMGU	Luteinizing Hormone
T4vlUpByAv4	Lactation
y3FpDzpuD4s	Labour
ylGfOqZq3AM	Hemoglobin
TjU4GC5nFkw	Heartbeat
ti9vouC4MtI	Granulation
f059jSXLyCQ	Electrolysis
wmV3sn178y0	Digestion
2R0PhBIsv-w	Digestible
rfciRz4AkDM	Cholesteral
VeWvuO68cYM	Carbohydrates
hONUHYOdjag	Calcium
YtfS52B-e50	Bruise
Gulb5Hhq5Qg	Blood pressure
nxVzCzlJRUo	Blood Group
urM-12P0Sew	Bile
-5b46--Nrig	Atrial Natriuretic Peptide
N1O8seH_Qes	Anti Mullerian Hormone
1GIV73S87_E	Antidiuretic Hormone
eQc8RW8p6rA	Anticoagulant
7IRe9rGmEKM	Platelet
muZYTR0Snk4	Urine
arT55jm4G3E	Thyroxine
RP4mQKvjJ2w	Thyroid Hormone
pnxG_HqF9_E	Testosterone
X7ztn5I1EIc	Symptom
nNZD8NghbHM	Steroid
1QzKkjrF80c	Sputum
TCStPe2qtuU	Somatostatin
E3LF00Y1JoE	Snore
ATKh95NOBbY	Sneeze
l_ua5q91-gw	Pulse
FIFXtIcBoAw	Puberty
QO0cRRrPie0	Protein
9a9o0vPAX7o	Prostaglandins
WPn6N6JWNp0	Prolactin
DHn3yAr0DqI	Pregnancy
drAcfChx3kU	Quickening
Oe1E5T1WMII	Amalgam
bdiopCjCAWo	Autoclave
jjboaLIu6A8	Audiometer
sssxISFa3wo	Amalgamator
sssxISFa3wo	Amalgamator
Woqgmy-XJsY	Anaesthetic Machine
gFxughV5CPk	Audiogram
vZtAxwScarM	Automatic Film Processor
9kXr2ginJ78	Autopsy Instruments
j7th_B6LwRM	Autopsy Table
yJxtx2RgYLk	Baby Cot
DTZRjsfCSy0	Bag Mask Device
nX5g4L3m7-0	Beaker
rYvMuJC922k	Bed Cradle
CgdvRPqPTeQ	Bench Press
WO96KiJYBE0	Bifocal
9mnXOUqAtys	Bilirubin Meter
cPnESH9RUKI	Binocular Microscope
BwtKk6KJaU8	Blood Bank Refrigerator
dXFhZB1B0FY	Blood Infusion Set
jetzqn_A7zA	Blood Lancet Disposable
U4F1Fvuvk_s	Blood Pressure Cuff
CwezyUjYKc8	Bp Machine
XlbFjkxjm68	Brace
NEdE-g3H18A	Braille
yoXwGxQ2JUA	Caesaerian Section Set
coUzucbkEmY	Calipers
jc8abpeMkPE	Calorimeter
TIEGa8ZrSoo	Cannula
C2WgZRrdfHM	Catheter, Foley
zFYndOOWmAQ	Cautery Machine
oPku3yBToI0	Centrifuge Tube Conical
EJt_YBFFjSA	Centrifuge
pqY8GGdKt8Q	Chest Expander
gWG9jnptqA4	Cold Room
w0jwWxiE3AU	Commode Chair
CkVZ5QkTtUI	Contact lens
-wnfU1baiM0	Cool Box
aLxzezyZE8I	Crash cart
Phmjpxky2_I	Crutches
nLzcvGTGNKI	Delivery Bed
QlfJRBBWgr0	Dental Chair
TJk_moEhRdk	Dental Compressor
JnaLTWPrp0U	Dental Lab
3ga1Wrb-SXw	Dental X Ray
bTvnEJxWvWg	Denture
Fw_x6q5o29I	Discharge Summary
5RwCFCZ93zA	Ear Plug
E-dLyn6zkKI	Ecg Monitor
QSKR-3Lu8O8	Echocardiogram
wPrACCVRSq4	Elbow Conformer
AYa2lJYPhOg	Electrode
tzr5iVYC5gc	Endoscope
J_TTPQf7fTw	Exercise Mat
oDgLiNqUexY	Exerciser Mirror
Nr-_pjsSoAA	Eye Chart E Type
d8onff1M3Mc	Eye Chart
MlVXU4YUvGk	Fetoscope
tmyyPzMlxg4	Film Drier
z4ZwAwwSW8Y	Film Hopper
U3il9YoBvyw	First aid
F2v22SUESTE	Foley catheter
YuLbeMmul2w	Forceps
FVzT_6e_CCI	General X Ray Unit
bel4Z2OJsis	Glove
AmGwC7K8vSA	Handrab
hBEaEVUkcCg	Electroencephalography
fkR7e3yulBc	Hdu High Dependency Unit
VaUgddGGtfo	Infant Weighing Scale
aXBj61PT3_c	Icu Intensive Care Unit
Q_xyy0yW0dQ	Infra Red Radiation Irr Craddle
B5b63XYuvX0	Infusion Stand
i4RHVdKocjY	Tuberculin Skin Test
pXJsrO34AHM	Troucher And Canulla
UePmO-0tvCc	Trolley, MedicineDrug
wt2SFWMdDPY	Trolley, Linen
zIIrXDtCGYw	Trolley, Instrument
igBE2NRIEsw	Trolley, General Purpose
M8uUF8J4-Zs	Trolley, Dressing
h4WQ8i8cnA8	Tripod
UVUCajVUa30	Triple Marker Test
D2TRq7f8JVk	Trial Lens
wm2tusi9bDc	Tongue Depressors
55J86VtGovQ	Thermometers, Mercury
V1cNLcVgROQ	Thermometer Ear
wlofxJi1-iY	Theatre
zA_WsO-X1bQ	Theatre, Maternity
2-l6erp6MDQ	Telespectomy Set
mMRaT1kyCUg	Tablet Counter
1xtRLtax210	Syringe
N0LmF3HCv3E	Syringe and Needle
s13UfnfmIrE	Swab
t0RQg7O0LoU	Tuning Fork
XojmJPiREnI	Stemgnosis Set
8Iz0PLjQQa0	Suture
SSPeZdeWDg0	Stretcher
FU9z-TO1SiA	Stretcher with iv Pole
2hC-YqpvHh8	Stool Frame
oc2V9FCUrnQ	Stimulator, Electric
W2QntLcj2K0	Stethoscope
wOSBUixQN20	Stethoscope, Baby
ADthkMJAa7o	Sterilizer
dTa4QZpRPWE	Sterilising Drum
fgaDCWWq_QA	Tympanometer
PqScmehucBA	Ultrasonic Scalar
NeHXEmZnNBE	Ultrasonic Washer
dR3s6NsKkVE	Ultrasound Unit Sonography
f1yO_TP8_ro	X Ray Safe Light
S_2vZ4xCJvY	Uterine Sound
N4XzDi0_Fho	Vaccine Transport Box
9ubXHX10G6w	Vision Loss And Blindness
aWfUEq1O70w	Vital Signs Monitor
0UkKwqtknQ8	Weighing Scale
ScJn3nfA21E	Weighing ScaleElectronic
hIYk61P40H4	Wax Knife
kKPQyWPMUF0	X   Ray
xzdhAz1xO1g	Wheel Chair
XVby6J5vyZE	X   Ray Viewer
-kVwMAj-iDY	Walking Frame
MRXOnutHEpg	Wall Bars
3KqRPRIn4Ww	Ward
GTCumFu-nRE	Wartenberg wheel
RtlhgxjEOvQ	Wax Bath
M2niw4txifU	X Ray Cassettes
0w3vjvHqfng	Veterinary Technologist
hE7vldqpDGk	Therapist
9Mo0t3duY0I	Toxicology
0CZLTY0AgHQ	Urologist
wS-bgdv15YI	Urology
dNzrxNaIZt8	Veterinarian
E0rr4SWrnx4	Adipose Cells
1Qzfe3Wo6ko	Anesthetic
NCLELxZRi6E	Cardiovascular Medicine
dnzONYfI_8s	Calamine
N35xISyVK3c	Birth contral pill
VVWDCpJzgWw	Bandage
LTCdXf3fbI0	Aspirin
nZeBIGxgMGs	Antiseptic
-CC0MUsnNRs	Antiperspirant
xvCNkQRQryw	Antimicrobial
roYZqUOY5Xg	Antiemetic
GoPUwUn8kxo	Antidote
nuc4Z93E5Rs	Antacid
WnP5Gwcw1t8	Anitibiotic
2GnXbVR9hx8	Antidepressant
bkC2d65-KBc	Antitussive
AlsvJb-zr4Q	Amoxicillin
1EkwSQwMjHg	Chemotherapy
s_5K8a1b7Oo	Contraceptive
IZR361xYzdQ	Eardrops
hwZ8qJXN0bs	Vaccine
kJc7lHoG_kk	Tablet
Kb7-MXZSVX0	Syrup
g0boqMSNgRc	Sunscreen
LtqBgQyR5_w	Suction Machine
7WUXROWEPV4	Sedative
DCBhjrloP4c	Reproductive Medicine
HO_Og8hTNeY	Relaxant
069uTEttRjE	Poliovirus Vaccine, Live Oral
HhsGI8UrQ_g	Poliovirus Vaccine, Inactivated
C4DRzU1R5Sc	Pediatric Medicine
0A0NDrlGXSk	HIV Screening Machine
8GLhda26WIA	Eyedrops
iBEraSY0yFc	Apocrine Sweat Glands
DzXiYPyE_bQ	Aorta
agIWPWV7VDY	Anus
RoQui0yWYbE	Ankle
gQ5pv65prgE	Anabolic agent
yodDFmxvp0U	Amputee
wNhhBljIM6w	Alimentary system
hpt0_OsNexw	Adrenal
puzgpA4bonw	Adam’s apple
XcCaTPWxHys	Achilles Tendon
VH_jup5Q5t8	Abdomen
xH7cVPdV-B8	Artery
Fb3uwES3REE	Axilla
rh-v6joOZfw	Ataxia
VuBNHaF1KRQ	Cartilage Cells Chondrocytes
tysoVWSYUxQ	Calf
bUJIS1yh21s	Cadaver
queCSJkIfZc	Buttocks Backside
H0DQ4C3chdE	Bulbourethral Glands, Cowper's Glands, Mery's Glands
oEeGUFvqao4	Breastbone Sternum
oE-QDJDaB8M	Breast
h2Q1bxiczic	Brain
e-1jrv077sE	Bowel
sQD89cxyLhY	Bone Cells Osteocytes
nJcv825wuUg	Blood Cells
THsfl_9mBTY	Bladder
kG9nSQhJMfw	Big toe
lN3lhmDe7gg	Belly button
ziaWcnZDf98	Back
hcMdx3N6uao	Cell
8Y8S30EILec	Central Nervous System
G3fGJrLN7-Y	Cervix
EWjv697qiPA	Conjunctiva
RB0DZemj6uc	Clavicle
Qr-q2ztzNpQ	Cheek
RZ8qnocAK4g	Cornea
35QeiSI0tYk	Eardrum
5sYucNR91YM	Fetus
LpXRQ2IRpJ4	Femur
6UnHsywpv10	Eyelash
-1xTr0jbg6Q	Eyebrow
HYaCr87n2Po	Esophagus
Rb5_f1EuK0c	Erythrocyte Red Blood Cell
1PNFMP2BwbU	Ent Ears, Nose, And Throat
7-AiaIwjkaQ	Endotracheal Tube
tc4xDApfdsI	Endocrine System
nh9gDYbx9-c	Enamel
VL0H549DfGg	Embryo
_cwcjme7GTM	Earlobe
8Z1ZcQMBEt4	Index Finger
JNYoHctG-a8	Hypothalamus
VFoQ8Kw6YeM	Jaw
eRxJmAOAOxo	Nauseous
dXbssYTBK_8	Nasal Cavity
xKBAOm52bJ0	Middle Finger
VUIAOg2cyyw	Forehead
NDZ488Me4VU	Fibula
MK0xe9rMMyg	Iris
8zUytFLkJLU	Human Nutrition
TNr5th4A5Q4	Hip Bone
GIQEx-V-eas	Meibomian Gland
BvAXi5xe7Nk	Maxilla
lTduRdHwTmM	Mammary Gland
zw5iClMskwg	Lunula
-E4GWSv9Wt0	Lung
ExfVE2XfMis	Liver
kH74VP0ieI8	Little Toe
dnpGDnEKHes	Little Finger
SUvtkqCdd-M	Large Intestine
-GlY54PRZWY	Lacrimal Glands
gu5hNIwuBpQ	Knee
AFI9CRiFC5s	Kidney
GMphL7O9gY0	Joint
uBJwrcY_yZI	Osteoclast In Bone
wWk9zKXHj0Q	Orbit
sNkfnhlTaeo	Olfactory Glands, Bowman's Glands
7iXq-ju84XQ	Nostril
D1gRalBWgU8	Nervous System
kw3w0JUYOGw	Ovary
x58s_288oPU	Palm
cPWJuVMHpig	Pinna
l29v73EUpCA	Patella
HJXrBrFgNJc	Parotid Gland
tEzuwy_sQys	Paranasal Sinus
joA2kDStJQI	Pancreas
uj7mJ5WRs6s	Skeleton
9s0V6jNblj8	Shoulder
Xqnx8BKYylI	Scapula
nJK3eTkAI-4	Scalp
ewZlvB_Bmeg	Salivary Gland
WFrewRdqflc	Saliva
d-OJ6p_oY7I	Ribs
nvbCWJyLk6k	Renal Pelvis and Ureter
EOnSHBy74jc	Prostate
V2dauMpeZ1c	Skin
YMRhWn6QFfo	Tibia
DgMtiOBLi3g	Thyroid Glands
96MGRALqWL8	Thymus Gland
Yr25lcwRZwY	Thumb
g9xlVkytBTw	Third Finger
EQ0QUM7dzr8	Thigh
BPtaxiqyuX8	Tendon
eSaayO4illE	Synovial Fluid
VWN6a9Td7e8	Spleen
-eq-7HjHyrs	Spine Backbone
o74f8R1bnSU	Small Intestine
jtcU1Uk6u4E	Skull
JHj0abFuLFo	Spasm
4VkM-BqH-yE	Sperm
9q8-TwRmmFo	Tonsil
BJPt1ZgaZ9g	Tooth
UYWw57pKy8k	Trachea
54OOt0NZL_Y	Ureter
WGVb8iBg8bw	Umbilical Cord
wVNLlU_Ahto	Vulvovaginal Glands
X7GLAqoxftI	Vocal Cord
hV8kNo1PqkM	Vertebra
15CuQFG3q1U	vein
dtxc8ayBZPM	Uterus
tfUX_ZRA5EM	Uterine Glands
2gOAcnU-9zY	Urethra
4FOSyeV0IW8	Essential Dietary Minerals
ufs8UQwgbmM	Vitamin A
MW6BHvkZkt8	vitamin
0z4j7KIIuMg	Vitamin K1
oHndBhZOzRM	Vitamin D
boBogxXTyug	Vitamin C
sj2AdMv2V_Q	Vitamin B12
GQaDPWbXZ9U	Vitamin B9
fCyJ5OafzTA	Vitamin B7
aZnyu4FeguU	Vitamin B6
zXY-2t1zfYc	Vitamin B1
0a51D0G_wn4	Vitamin B5
TRFZEQ6kmUA	Vitamin B3
rXZPpaK_tEc	Vitamin B2
fuL0QaOXYj0	Anoxia
XwKztgOU4yw	Anorexia
ibGQyoqUqpQ	Anorehidism
YC0LCH7GvMU	Tachycardia
rweaHR379aI	Testicular Cancer
P-oG9CeuS4I	Throat Cancer
LTO9KRks2-M	Thrombocytopenia
4wqBJezfogQ	Thyroid Cancer
5fN7qY2lGO0	Thymoma and Thymic Carcinoma
aCAQq921f0U	Tinnitus
fWPVDCfrFi8	Toothache
5UaPoA0jScg	Tremor
mt-YaWX0jVs	Tuberculosis
QKnVF-YT1uE	Tumors
NUULNeUf5T0	Ulcers
eEWqKj6dMv0	Urinary Incontinence
Xmd7hkATobc	Urinary Retention
DDHGNZufBiY	Tonsillitis
I9YmghpFPo4	Thyroid Disease
rEntlrdAMZY	Urinary Tract Infection
PnAX-krAmqA	Urticaria
Gf2GteMEkMo	Vaginal Cancer
coNHXV2RX7o	Yellow Fever
bZtx6IdpY40	wound
csfcm9JhHU0	Women's Cancers
RugvpBBIDcQ	Starvation Diet Example
s42rKQoFo2w	Starvation
Y8CUz2MWiQg	Stroke
rjOG3uV-rho	Suicide
_an9Dv5i6HQ	Sunburn
FCQQ-eG7FeA	Suntan
UbOfCVsPMqI	Surform
GEhDb55rdFc	Swelling
gpPeUmKSCzc	Syncope
NWkkjO9eMzQ	Syphilis
Y_768f6Ywho	Syndrome
GjI5gtWoVdU	Stomach Gastric Cancer
Sh6mZqkZoYM	Scrabble
UxMJjOGvrRQ	Scoliosis
VYvWsLytZeA	Sciatica
XEIEr26UEkk	Scar
64hb_H9Pwls	Scabies
85f2uqhmaVg	Seizure
T7iUS2swiPY	Squamous Cell Carcinoma,See Skin cancer
YMtdI-d3ne4	Sprain
ftEAdjz_XFM	Spondylitis
5yPBsA1jnYY	Spinal Cord Injury
USz2QmWWMfg	Speech And Language Disorders
v2CJx3-RXGU	Small Intestine Cancer
XPJ4nDAusVA	Small Cell Lung Cancer
dQxLLGQqzqs	Sleepwalking
-v-v0cGZabE	Sleep Apnea
CYj3k57VvtA	Skin Disease Lupus
-JS7r8WInfM	Skin Cancer
u5Wwx2Yplxw	Sinusitis
RhvXS0jjk-8	Shigella Dysenterie
UwiQwimLTEs	Sexually Transmitted Disease
OcIpyNKSU8Q	Sepsis
Nf5MjQDvwag	Squint
3nfdWxiduFw	Palliation
zz9eTk0JhZI	Rhino Virus
JRVxpFW5Ud0	Regurgitation
EnZ00HTRkrU	Quadriplegia
7cHW8EDmWb0	Physical Disability
-TfZwYZtkpE	Rabies
khJz-kNeBpQ	Proteinuria
2aEl2dPAocE	Pimple
DnXdEGWx7kI	Psoriasis
wWpV5qFZh7Y	Pneumonia
0kqKVPcOSPo	Pox
KiFiAI4bfz4	Paranasal Sinus and Nasal Cavity Cancer
Tmr9RzqHvFA	Polyuria
bogcg__u534	Prickly Heat
5to0657S8_E	Presbyopia
mVG4gVlAVSw	Purulent
FuFlrawTpqo	Preterm
eM6sgzpTWpQ	Pus
tV7g3YbzId8	Pneumatic Ear Speculum
6hTqp8I6gmk	Pharyngitis
Gylk9tLGjO4	Phobia
oNvILQ35r2o	Pancreatic Cancer
XvU3rScmfT8	Paralysis
hdf95Ert73A	Penile Cancer
CSPGKAQhV_w	Parasite
QZMt3j3LSXc	Petechiae
ofvZWnUTITk	Palpitation
SWKaMVF0CKk	Mania
Tn3Er6fVIYE	Learning Disability
PiynBHIA_Vc	Lymphoma
1o1Zu6kqZqw	Louse
Zdh_qVhOjfg	Obesity
Qp9xsIBt4NI	Memory Loss
fHmhD9qY7lA	Mumps
Zadcm--Puss	Migraine
NfrFej2hyPE	Osteoporosis
NqB1YxlbCj8	Laryngeal Cancer
vXb1x_rcKgo	Leprosy
g7KCL1laVJw	Meningitis
8DM19QoRfKg	Measles Virus
SpBBckqDCTo	Noncommunicable Disease
yLUehXc0TC4	Muscular Dystrophy
gmfhlkL5vdc	Ovarian Cyst
F855vL2lqO0	Melanoma
ZfWnS2468Io	Laryngitis
26eqDrnED68	Liver Cancer
V29fzCwBr_0	Lip and Oral Cavity Cancer
xs_gRfNijqk	Halitosis
u3ob1cSy0fk	Headache
eZBzb4fayXo	Heart Attack
3IePQCTNhVM	Heartburn
Z6iS_Fk4-LE	Heart Failure
vc-x1ivFWdg	Heart Diseases
XoGXB0FOZ3w	Heart Block
5Ig4zSwx2WU	Heatstroke
nbqorAfn4GU	Hernia
npkeYlD_Xec	Hepatitis
4X-o6jGa76g	Hemorrhoid Piles
Mta6YwZyq7A	Hemolysis
YMao9qfTNDs	Herniated Intervertebral
DNP9-5px_mA	Hook Worm Disease
9jIu7tBsX70	Herps Virus
9VYxltnFK9k	Hemophilia
EYcuu4ETc4Y	Herpes
AkY2zmS18v0	Kidney Disease
1d0uOp_sG00	Kidney Cancer Renal Cell
atvKBP0mSoc	Hypothermia
W3mz1IrwitA	Hypotension
yylUDwKKvxY	Kaposi Sarcoma
X6V6ixAK0bI	Inflammatory Bowel Disease
_P4bfLS4TnU	Influenza Flu
50Age2AKB6g	Infection
n7jNneJdxqI	Hyperthyroidism
PMYXK-B1Few	Hypoxia
DOc86aJNx7Y	Infertility
kGacw2buj-A	Deafness
Ph_mrqzaFY0	Dehydration
sPhN3dSQ5o8	Dementia
oH5IJ53C4Nk	Dengue
yVGctxtkXqA	Dermatits
qLAU7iI1Cfs	Developmental Delay
z_736hEJX_M	Diabetic
XWwz6oS8uz8	Diarrhea
HY5SI2B4A40	Diplopia
SIR3vIJJECY	Disease
fbCNw1h5Svk	Dislocation
vZMGPJSJaFg	Dysuria
KYO4HmOv-pk	Dyspnea
s-pn99ZwJhc	Dysphagia
uaC5MQ3jQGU	Dyselxia
413unEDKRXQ	Dwarf
ICWffEGAP5Q	Drug Overdose
AuCxXmjvztU	Drug Abuse And Addiction
x-8e3Ljwgbs	Earache
cxqz0EbY4yE	Eczema
JWwV2PQcX8Y	Edema,Oedema
GoJ85khc298	Food Adulterant
XqcaXXg2ncs	Flatulence
P3pALl9igN8	Flatfoot
xQIXN-eQZ7I	Fever
6Wmc-8ltxCY	Farsightedness
HMR5t5IGwCQ	Epistaxis
Wo6XDitkFlg	Epidemic
n_MOCJAbRHM	Encephalitis
edEt3hRFfHw	Empyema
NxduNMd_hts	Elephantiasis
lpWnBi34OOo	Food borne disease
YznFJFeGLTo	Gout
qenl47pf8qk	Gonorrhea
moSV-hrKwwk	Gynecomastia
VPe06w5GG_U	Frostbite
E3diJEPFFwk	Gallstone
nQhm9tWvaog	German Measles Rubella
ylXlZQzhO1g	Cirrhosis
Vy-H6CsNt8g	Carpal tunnel syndrome
_wskim7oIdc	Carciogen
xVZMl6VCpt0	Cardioc arrest
9KWZAD5Iot4	Causing Agent
n_FeWOV0zW0	Chikungunya virus
LGWGD0eoxFg	Chickenpox
XrLj_bb3B_w	Chronic kidney
Q1zbpcSoTws	Cataract
83vmd1I6Q4U	Carcinoid Tumor
vFSdw3lE-5M	Cerebral Palsy
IL9zmsdJg5g	Cervical Cancer
Iw1KGOWppWg	Candidiasis
uHMNUWk8UAM	Chronic Illness
K-Y4b705lcU	Caries
Y7Smdq0HgqY	Choking
WZlFdj_ngzI	Callus
FhLhoQ5l9iY	Cancer
cQd5yEKw7i0	Color  blindness
Lgnlu70475M	Colic
3A4SfS4_Gkk	Coma
uEWef2ILEC8	Common Cold
iCFKETdD4Nw	Concussion
-O3Zkss7W4E	Congenital disease
5xu0SuMmNYs	Constipation
xEPl0RxNZ3o	Cystitis
w163zAc0RYM	Cough
Yk2bJx0XDKk	Corn
6bBjmXgmXzo	Convelsion
xzj5MQahfCM	Contamination
IfNpWUeQ6qE	Contagions disease
NSM4xH0MhHY	Benign
BVyAGCPGC9I	Bacteria
1lGwbhBsuu4	Backache
EHWONrQWsVE	Baldness
Q2gjYvb7fcE	Birth defect
mDQmu9H4-e8	Binge eating
CLjivq1wW6E	Bile Duct Cancer, Extrahepatic
ypWkhczB2tY	Bladder Cancer
9j49KqnHN3s	Blindness And Low Vision
x3WXPajc1UQ	Bleeding Disorders
s1K-Mqzy9Bo	Boil
j0xVU_Y5o2s	Breast Cancer
_eKMbdSnGUQ	Brain Tumor  Outside
eUB3bcNRzU8	Brain Tumor  Inside
rEtGA49vlaU	brain stem glioma, childhood
s09swjiVGok	Brain Injury
r-0OlfFPiDY	Bowel Incontinence
UJe2UCSOExA	Bone Cancer Osteosarcoma And Malignant Fibrous Histiocytoma
ZrzSxs277R8	Bronchial Tumors
_W18zTLx84w	Bronchitis
BceSzIJYc7E	Bulimia
vuVQho-msWQ	Autoimmune Disease
XYDojthhvTc	Attention deficit hyperactivity disorder
bfc3A5WT7O0	Athletes’ Foot
Q89Q9ayBD-Q	Astrocytoma Childhood Cerebellar
cHTUc8ZPpaE	Autism
4yJrFqyUKuA	Asystole
ABpzvv-1aBY	Asperger’s disorder
wKzWwmm8bgE	Asthma
KotGJithHPs	Asphyxia
83gKsBHpPOM	Aspiration
OC3FU_0GKBE	Astigmatism
g7Br6ZjBeHg	Ascariasis
G7LqVtoayeo	Brain
CzGnAU7n-HE	Graft
4u0Y4ffuz_g	Crutches
sVT6S-xJcbQ	Numbers (0-1 crore)
lH6pT7nQb9A	1 one
MhHOduyqKv4	2 two
Sh3P9rHIKOM	3 three
ouQmvo795rE	4 four
BYnUpQfk3Ts	5 five
T6vd9Criu48	6 six
MZZ52lsCfSw	7 seven
l_QL6DBEeFk	8 eight
-NQKa7Pmhx4	9 nine
eSFyfkFVTIU	10 ten
1-Zz07NcsKM	11 eleven
U4dnLRpeTN8	12 twelve
QXQ8ILhehkI	13 thirteen
nGiuyZ9jIds	14 fourteen
KCqYFgerBW0	15 Fifteen
YgZcsvejUF0	16 sixteen
GHp2q1IoF6I	17 seventeen
kfb__18uzpw	18 eighteen
AhDjpH0xZAU	19 nineteen
2iWRUv6eMls	20 twenty
6wXGUZtHp5w	21 twenty one
LOJcAGPKq50	30 thirty
mnhUWkJ2E0I	50 Fifty
ILinyrxnsEs	60 sixty
5reXwGDh438	70 seventy
7FcFS0hXehs	100 hundred
f2RCrBoqFVw	500 five hundred
RGDTXsCvZBQ	1,000 thousand
b_TvDsf97GY	2,000 two thousand
4tKpSwmWzRc	10,000 ten thousand
sw0z81Ri4ps	1,00,000 one lakh
6Xyl6CNQ_f4	1,00,00,000 one crore
LzsozjEet_8	Solar System
xHTV7FzcLHI	Rotation
66G5lXET1_M	Longitude
qw8c4I4rErM	Revolution
1jFjVXwbF-M	basic needs and universal access
qqDfCsHeE70	Bedouins
UP3BpGkd1IU	campaigning
ozx3QI0j2mE	censorship
wna-WugRsQM	citizenship
XBIVI3ERavw	councillors and ward councillors
sht1eWLEhNk	citizenship1
SXreCRUkvNU	Curfew
CqxA97nWtYQ	Juvenile
HV6UczSUSUo	municipal corporation
dQwIGx5TUzs	ostracise
jy1qVYd2n8I	patwari
s7MiLz5h-uE	sanitation
JJBuJF_PP1c	Sarpanch
cO4qyZtvFWs	universal adult franchise
lwX7ijChOGs	Universal Adult Franchise
pQD55SMVqjQ	political science explanation
Wb3cBgVoeCE	legislative assembly
IhSpNu3Y0jk	census
1Nx5uN1Gph0	emigrant and immigrant
ADGho5mLPZc	civics
-TzYTs9YLy0	Parliament of India explanation
gXopAHsCnnw	political science sign
F312GtzP7pA	parliament sign
AgFMp1xUOM4	audiogram
qkbKyOnkKrQ	audiologist
o6h9m8HhMDk	audiology
At0PWlWiUoI	audiometer
YU5bTzbvN-k	community based rehabilitation
C5xaHZPbsis	cognitive development
IBtSpIh5Rok	CODA
hu7-fBfxxrE	BTE
_8445px3fhg	barrier free environment
rzJw4Xwa9DM	inclusion sign
PM3IyBjQXbY	language acquisition sign
1W-kzgB9VZA	credit and debit
AZRBRDwkIp8	financial year
Qtyeavci6rE	lesson plan explanation
vq3HgCfgCkA	format
GvBdc8ddzos	flash cards
5YOESz_yj_M	co curriculum
oCvEM1AVv-0	B Pharma
ljYmHct0iEQ	B Ed
gK4As5wxTlI	B Com
OSULdhj5b0I	B A
XveNPRF7sXQ	annual exam
aqBMgqdcSUo	accent
CyX6Z6Qssk0	academic year
nq6feASoEE8	linguistics explanation
ym0uNmSQ21Q	syllabus
rO4ySSlK4gA	lesson plan sign
L3RIj8plALw	crops
QI-1Pm-FixY	continents
2dyFxInUJVo	atlas
lHSsmaI9L_w	equator
hxuHq_NLufI	linguistics sign
kFLnBo1_ZJU	equinox
rBHLOw4UGBU	biology
RlkmBKq0j1o	boiling point
Okx2SfsNvlc	carnivores
Mnha2MwWkfI	Celsius and Fahrenheit
BN21X8Rl5Rs	chemistry
ZeIz6f8X3MA	CO2 and O2
tVLshUr3_es	compass
I7MGbyV8C20	acid
ZmzbQZJ_U4A	decibel
zr28CwSriH0	degree
ocsdkY3UKvo	digestive system
ctBiBqxZQCQ	dissolve
xKy2pi0P1Ww	DNA and genes explanation 2
7LwtHzCiwl0	DNA and genes explanation
20oyHqB1Y1w	energy explanation
9dCBLa8GC4k	evaporation and condensation
qC8HkKEIIVU	evaporation, condensation and precipitation
mXZc08e9nNU	fluid
XVJv_otB0Wg	force
5PDoZaEq-ig	freezing point explanation
1vV3Rf5QO7k	frequency and Hertz
3Ads3HC3uUY	friction explanation
sSbGFOjI7ms	gases explanation
zd5oQIr6uZk	genes example
2HMqmCZ7ypE	gravity
5ohfCxQOMls	hard water and soft water explanation 2
twf7hryf2WQ	immune system
nXUG291PZZU	lunar eclipse
g47igUzjQT0	machine explanation
tC4_BDM4Geg	liquid explanation
jhgM0z-HSFI	inflammable
kAK_PIpuuOQ	magnetic field
Onjl3UdwAMs	malleability and brittleness
bu1HiSWTEgg	mammals
hRHU_ke0_C8	mass and weight
W3-Ajj2f_Ws	microscope
5OFe6CzcymM	mass
mhexvP10EhU	motor skills
QDy10QwtMRQ	nervous system
eKzeREbfujY	omnivores
i8lciLeUwr8	photosynthesis
r6cmmctYop4	physics
xwu9JS2-mAw	water pollution
HwpN8HDPOIU	viscosity
YkrUzOaNHxs	vertebrates and invertebrates
h9D41QwlHws	velocity
7llDl5bKYEA	ultraviolet rays
yAriBWIGXb0	solid
I593GAOGOv0	solar eclipse
b4SHUyUjPOQ	sense organs
6RXyaNu_8_k	scavengers
fVEDUUPHh7c	pressure
Hk6fkiqNwNE	reproductive system
Pwt3ZcBGPOc	radiation explanantion
IPexwoEh2o8	respiratory system
CB7TmAhWhok	reptiles
jy4AYU9D3ac	addition
4uQapb2uC28	algebra
gPDByZ3qNec	clockwise anti clockwise
3ty-C731Gq4	circumference
6UqsFTjzFtg	cardinal and ordinal number
SJzwghMXmIk	brackets
iySTZvYyhP4	area
HT1oLv91_DI	angle
d8kBEM_aSoQ	ascending order
G7Rw2sStGAg	cube
9oS-hMRhStA	congruent
pu0EAhV_FeQ	cone
6bt6gqAKioU	descending order
_WVAJWePLhc	integers
qeGN23kMnu4	fraction explanation
J86tIYG8Rqg	discount
0UYAfKsQGBs	division
0buvQHdgRsk	isosceles triangle
n7DG7cIKgYk	numerator and denominator
42FQmYjKyCE	loss
Zl6SwX1tDjY	multiplication explanation
PdlhZUAJtfE	perimeter explanation
9HbgNBEvaMY	right angle triangle
p0PN3BQtpo0	profit
nXlCXZsxU9s	prime numbers
zzEOkRpHh1g	right angle, acute angle and obtuse angle
Iyztypagf5I	scalene triangle
zkUdSABmowQ	subtraction explanation
ORZz8vkqkhU	square
xwZWD45-9lU	sphere explanation
e-2QM2QZD-o	bronze age
_TZk2wmXkUg	ancient history
GzayHhOeMwo	civilization
BVhMw_LN9eg	imperialism
1zWhxQhA4kM	ice age
vaXFBzd468Q	history explanation
iSJtOt8ZMCw	colonialism
htSYR8KwgbA	iron age
1sTSxpFuBY4	medieval history
e6l-X8-U75g	three age system
XH1I76iFkPI	modern history
HSPQx08aVgM	fauna
z7Yq3ACCB54	flora
LKw60rInjYQ	greenhouse effect
ScpFrH7sc70	hemisphere
wF0DhewVhIo	igneous rocks
QpAms_Vdd8M	hurricane explanation
phdmlrSvD9I	humidity explanation
sWI_tqA2P1Y	lava
CoX6gTkPp6k	lithosphere
9XOiEozl9lw	metamorphic rocks
32oDFU2ym4U	North Pole and South Pole
apisxZdT4do	Prime Meridian
6KubiAI8EPI	plateau
Yr3bQjPo4UE	satellite
DlxN4OcQokk	sedimentary rocks
QKDjIij7j0U	Tropic of Cancer and Tropic of Capricorn
fDmvifubp_E	volcano
swI55oLXTC8	volcano
-6SjwWlM-lM	water cycle explanation
SZTOifqUDKE	island
KA_csr7URHA	winnowing
zj-nP8jVYuo	vermicomposting
7PEkBreMThs	vitamins
w6E9elL7Qqc	viticulture
PtotcRybG6A	viviparous and oviparous
Lq3i3Y4i87M	WBC sign
ubgA28QSniw	white blood cells
DaqQ3jcx8j0	tap root and lateral roots
a01kIo-Ejqw	telescope
QJM-Oanitb8	test tube
7-mcBVNH_3M	threshing
q-7tlLNYhNQ	transparent, translucent and opaque
TLd0xYUPlmk	transpiration
qaOi1Y6tFTc	troposphere, stratosphere, mesosphere, thermosphere, exosphere and atmosphere
6p11k2_8dmg	Tyndall effect
6IGC3rejP44	Sonar system
IgeYsFg5kOw	sonorous
PcLBWFOe4BQ	static friction
-TH_YQ0mNMg	stomata
93IX_fP6t3o	switch explaination
GcOGwKC4rJ8	switch sign
O12G_wWr09M	shadow, umbra and penumbra
IJPhpWd2N0c	sexual and asexual reproduction
aqyNP8_xDgY	separation through evaporation
WXQJz6hMvR8	Seismology
PBMDFXNOe2g	Seismologist
6y_SyFp4G1Q	Seismograph
f5ryndO0Cyo	seismic waves
kghmpxrpInw	sedimentation and decantation
uqM-PvJLADo	saprotrophs
5I2xfghnNQI	soluble and insoluble
V65xo2XtiRo	sliding friction and rolling friction
eqA65qb1ee8	sieving
_yDFiIPzzWg	RADAR
cu1rLU3RZbY	red blood cell sign
KR7Ij9Zhf1E	red blood cell
FNhZdEUJ5T8	reflection
ZMqB4XvP6Ts	parasitism
w9SiLGNH38o	pasteurization
vs3GsZ3ZlQo	petals and sepals
p6o_QPfzNoU	petroleum
7hJpN6XWd_Q	pH value
14owx_oiIAU	phototropism
eojpZ1_sO74	pistil, stamen and anther
c-JJGBeFCZ4	pivot joint
cRf_6CCT5qQ	platelets sign
8ff7iV9BlkQ	polyps and corals
MC1FmDwm3Cw	proteins
ELGtjq11ZlM	puberty
YLyAtHOKZFQ	orbit
GFh3BtWBwys	ozone depletion
81GKZg_fT_8	oscillation
BPG9u4dLtN0	organic
UMykhC7gBL8	natural fibres
ZXbhkCtP5No	noise
l7GLKQraQBI	natural gas
R8kGq0VPuBU	nutrition
01QqPIqCcgU	ovules
efdEGZSzP8M	metabolism
K9CCaZFs1pc	metallic and non metallic minerals
OH0nTLWVoPE	meteor and meteorite
xWJMbO6BRcU	minerals
3oJgaFMAmos	mutualism
KJ4hsAnOyBg	multicellular and unicellular
euE5InSGh4A	mulching
a1v66-rnwkE	motion
4k0TGFZZDY8	North pole and South pole magnet
NcNWjtBVEFk	labour pains
glIlp5RI3Hs	lamina and petiole
PwTa3GB1M48	lateral inversion
ZU-cjGmPAPQ	lightning conductor
yJRIoo4XmTQ	linear motion
Cl4mmnh3FJo	joints
NIq5onrFCm4	kaleidoscope
Adz9syc-FMo	lightning
i9Z47KncNA0	interstellar space
u99BEcfvo8o	internal body parts sign
eAGE1OwasTU	luminous
s-y7HicNTdc	induction science
zvnVhZcp5iA	inter locking and lubricant
uPpD0etfJrk	Infant
iEvqj7ylhFE	inertia
wYymZglFArQ	herbs
dMdONf_4jW0	hibernation
FhVwrJAjBX8	humus
oHNwErQGrqY	hygiene
8tQSA46pKoA	hinge joints
6DjqIlqZEiM	internal body parts explanation
z8xlWoDvLLE	germination
j8NrlmxArLA	galvanization
vGI3QX24De4	food intolerance and lactose intolerance
aUTUu1vXUVI	food intolerance sign
9RVu_XwJOMw	food poisoning
DjYROB1xKPc	fossil fuel
jRSy3FudIrc	fossil
Je56ljWtfP8	fungi
v_AOn_AC0Uc	fibrous roots
ZUd5eSVXhjo	filament
EFsmLvoZMzk	filtration separation technique
bsKSgC4kkrs	fluid friction
_BljuUkLwbU	food chain
zhI_-MDy54w	fats
O8HXSTuPHu4	fermentation
-IvENnFCqB0	fibre
dO3XhQHxphU	ecosystem
KsLOLoE46eI	electric circuit
TMpp61PpDl8	external body parts sign
Ueplr1UIngE	expansion and contraction
bI61pjFT694	excretion
4Yr8h_HWbkc	enzymes
mq1W_0pN5ss	electroscope
apid6LhR-RA	electroplating
uH4ZZbg-dp8	external body parts
VWc8mev0BBU	coal tar
tt7WZo6oji8	colloidal solution
hAK7BdrLjxs	combustible
2VFxpPdaM2U	Compound Chemistry
U6xLESTP4LQ	condensation or distillation separation technique
M4eKthXmJ5s	conductors and insulators
R7CQYGF3wIU	convection
K79cLMcesQg	creepers
R9YRbf4HGh8	current and ampere
uN8Zw6lgEN4	cytoplasm
sa2H4A7K0r8	Cell
rpXQQvAdvfU	carbohydrates
H03rwS1GFWA	chlorophyll
7aqQ8amYd_8	churning separation technique
L32nWQ5N6bM	circular motion
OcWyluuZVgY	climbers plants
pk2R_Svt0M4	coal gas
9ghSSiaFGmY	ball and socket joint
aT1U2vHhSvo	big bang theory
6oZWuv1FJ3w	biodiversity
miTT_qSjidM	blackhole
XoVM5LwFPO4	boiled
2_uEmWjUoFQ	bromeliads
Pizw2DtsgZI	Brownian motion
wi7diRsJUYk	biotic and abiotic
Vsiy1AkeJRc	anode & cathode
AhiNrTHPRiE	Ante Meridian and Post Meridian
FneiAP38aEo	atmospheric pressure
lhcrY6Tktvc	atom, proton, neutron and electron
wgqfXhfvaEw	atom
bcVE5o062nY	autotrophs and heterotrophs
ptQPfKr9D0o	acid rain
kDGzddZ2VOA	animation
zCXFo_i5mWU	angle of incidence and angle of reflection
aLOX5LLi8fU	anemometer
kF1GdtZ5vtQ	amplitude
aQcPtPNkIcE	amniotic fluid
5DCYs0DayX4	alloy
YotBtljUi7M	algae
XZ-R7FHI0Fs	adaptation
ltpr28VJFTM	ideal
pppqLvAJEL0	mental processes
Nwf7jFQ48zY	naturalistic observation
USneGKbfFMA	non participant and participant observation
dwMZ2ZXshFQ	neuropsychology
G4SauIgCVFs	objectivity
7ISwiw34hfs	organizational psychology
t5A9A5dJHYs	prejudice and discrimination
nKmlXgd25Mk	Psychoanalysis
Amutx3W3aaQ	social psychology
OOngDeazA2c	sports psychology
UBPc-9EsyS4	clinical and counselling psychology
EIpKQKVI3Ko	cognition
v4gDySEBAWM	cognitive psychology explanation
UhUzs8e4EkQ	cognitive psychology sign
7E_q9bo7Ht0	constructivism
cKPZLCLyK4M	cross cultural psychology
IgZpyJ9sXU8	depression Psychology
H2w4qcfSJnM	educational psychology
nc1ZAkQAfMU	environmental psychology
x8QU4dShYzg	health psychology
_PqXe61imCY	hypothesis
H7hyG65DMus	functionalism
RxWeOB9KclM	anti social behavior
TJPvZUpba8A	behaviour
93uCVTo-Ac4	behaviourism
3DwrW3rzAHI	biological psychology
E9VFBkIgAvE	stereotype
NG_IZIWREa4	majority and opposition
Jzc_5m2Wjkw	marginalization
oEHvYYOYUIo	Members of Legislative Assembly MLA
OIjA2OBHcyA	Members of Parliament MP
vyj_wPH6WA0	militarize
YkqezKintw0	polarization
5dk3aeGPvbA	polity
pD-608y87iE	Republic
-nTSzPyenzU	Scheduled Caste
j0C-7-5dLXo	Scheduled Tribes
Euln0DcvUHk	separation of power
n13Zeotbe_4	Sovereignty
xEe6CBnF5YU	Ambassador
XVCZUjHcL5I	ballot
YrtWjQfXm8A	coalition government
hlYfNqr74UY	constituency
J_P2_As_Ijw	freedom to interpret
jOUszIWFVX0	federalism
Bmw5icj_1EU	fundamental duties
O2YIAjJFSmc	globalisation
tv6eZ0iAxOo	Democracy
Ify72C891ew	square root
Z9MVnQn-WfM	supplementary angles
uxGVpSMhJz4	Variables and Constants
WRstmVzZxRg	mean
S2Dklpvhc0U	median
mBXnvEErGOk	parallel lines
xiJY1scXd8U	pi
yHunn0_WEYI	proper fraction and improper fraction
R5T9k5Yr_rA	rational and irrational numbers
cO9HNA0gsRI	reciprocal
7wJcjRmW-8w	trapezoid
sOQpB5pBMwo	complementary angles
tFuCsRobELA	diagonal
EhxlYETCzWY	diameter and radius
gziqE0P3uj8	Interest
Mg6zdGxIENc	lowest common multiple
7xyUM4LZNzs	adjacent sides
ZZ8IPbjF9N4	axes
EiLwqYyssbU	base and height
zgsHUac58Vo	cube and cube root
VBkYGuJcmFA	onomatopoeia
5o_NelziPy8	semantics
tAiVnj7OBvE	semantics sign
D1CZxT-yXzM	phonology sign
r1bPC4EMxg8	simile
yx66mziYh4k	sociolinguistics
4D_HzUHiepQ	sociolinguistics sign
gLQ2juUlkwk	simple sentence
VUuJnbIqKXA	subject and object
4hbnF-yOHrc	syntax sign
1kqix2bP_Vw	syntax
_axgB1JE_Ws	travelogue
ls73lvLZ_04	verbs sign
useOJfb6d4M	phonetics
H4RmfxobQvY	complex sentence
sNnEGGyj9XY	drama
L-WTBqYRD_I	compound sentence 1
LkX1JCPI92s	compound language
1CYQC8PXCRk	essay
8uWVH5dJ5Xg	morphology sign
qWcQkKcpeOI	metaphor
I0ZSnqjp7N0	incorporationlinguistics
bK3Lw18T9sA	idioms
HA7tXBJ7VPs	fiction
SX4Paailcgg	fables
Y_PB0ascu34	morphology
KkEyrceS44E	neurolinguistics
Wm7xh8gt2Z4	noun
A_KjN5KjLo4	Non fiction
qcOzotb6YCE	adjective sign
yKSY7-gSJLA	adverb
ZA69lpTdqiI	autobiography
FgSSy-mvS7E	biography
Qgz6QhmTASU	adjective
rC_0jQA1hEQ	Social Reform
r0TFVeGWdlQ	slave
ovuirhwt0lk	Simon commission
DF3pkKbh30I	shruti and smriti 1
QWidax_jsj4	scribe
xOvuDw1Qqrw	Rowlatt Act
3rLgC6bo-Hg	sphinx
bWkDLyZr7VA	Sufism
FH4CZoxrQHA	Swadeshi Movement
VEsbD7WvXoY	The Great Bath
z1-LDDtvdV8	timeline
H2iJr_GSkVs	tyranny
2-YgqW1HUQE	varna and caste
XpIy1dPjqas	Nazism
Icdj2hbnMUY	non cooperation movement
X9umRNPz5n4	Purna swaraj
M7MBpS5R14U	pharaoh
gEKpcn2YCRY	patriliny and matriliny
w2BcaAUZvgY	Patriarchal
8BLP8vQd3Ls	genocide and Holocaust
TcsT3STaSDg	ghettoisation
F7UKTzkORh8	gotras
dKuqBTHDR7E	Heiroglyphs
vV7nVjm525Q	land records
98dzSM-mjaU	kornish, sajda and chahar taslim
fc_mAuihu0M	Jataka katha and Panchtantra
3-QEPVAkb1M	Indus Valley civilization
7TMEVUeYrsU	Manuscript
pE7RG4eJE1I	Matriarchal
titP98a8RUA	Monarchy
mFLftFubTH0	Indian National Movement
pt7Ve4_a7HU	Muslim League
kIozQzf1w9E	mummification
zL3yYZ5jmJ0	endogamy and exogamy
7sDIq1C3jm8	Egyptian civilization
qLrzSJ1mfy4	evolution
C22z6DXRAEU	Fascism
lVq5asTrcKw	farman
QoEijUUYS88	cave paintings
renc42Ql-UY	Civil Rights Movement
DfdKf2s56HY	Civil Disobedience movement
kl7QrH3EXx0	cold war
F9imo7-SjVU	colonialism
yc7hmOLQDLw	Cuneiform
Om16s7qucZk	devdasi
l-W2HoWlwpI	Divide and Rule
86lRkNudywQ	Doctrine of Lapse
DUlb31Lanto	Cripps Mission
dkji7yoPQmo	Carnetic wars
F5EwINUP1VE	communism
loKxG4ZHjxc	abolition
k1KPcL2WIHE	accession
ybdr-Gxb6nI	Ahimsa
fFE2I5jA0II	ancestral
NHZ1-GX75YU	Apartheid
CMAmw7yxp3g	artifact
50QIi_dh4wE	aristocracy
iJ2KfN0d_i8	Battle of plassey
nycNBo4wqK4	Before Christ and Anno Domoni
dYwR4h7vbVo	transhumance
02f4qtRG4Ik	tou pigs
E47a0r8PVeU	topography
HXTTav14MDc	tide, high tide and low tide
HOjsx2EJCAk	umiak
ayQbY93e6tk	typhoon
JeIs1ejl6Pg	tundra region
6onO4seqIKM	tsunami
46BHIH91qMQ	tributaries
bm419IrXEv4	weathering
XPhCbGcpO1A	waterfall
oNP_t5mUds8	Wadis
s3lsV99nMQk	vegetation map
X9lvvvuPGYQ	winds
L2soZXl-MF8	quarrying and quarry
vkzNw4YmMwc	ranch and rancher
s4QkVtZZWJ4	Richter Scale
YcfvxxVHApc	sea cave, sea arch, stack and sea cliff
3S5wf-slrto	seasons
uMdRNPFGTuc	shelter belts
_a6A8wCA-34	subcontinent
uhHYMTmda4I	spring tides
ZeKi96vwdB8	Symbols
al20ivhi7ew	terrace farming
G0yUK3jwzZg	temperate grassland
FJhCgai8nWw	terrarium
fkCLipRkF1U	terrestrial
Cx2BKrJ9QHk	soil erosion
Pk9pe71NmP0	land breeze and sea breeze
Ygx1wSuzu2A	levees
-dZ09e6ITDk	Pygmies
EsQ4VRJlA8U	plate tectonics
90ycGDZIBt0	Permanent winds, seasonal winds and local winds
p7ch8kZ7xs4	peninsula
hW4CVqNaVXs	nomadic herding
yKFawIiMh9E	mushroom rocks, loess and sand dunes
JuybbDzVGW4	mountain range
BrXGafY2s7g	monsoon
gDXEFtJWCXY	meander and ox bow lake
-vKdawBh2hI	landslide
Tl0zGtcA70E	geosyncline
RnkB212LMKg	famine
mIMCUJBhnPI	Ethnic Groups
6h15Op46MQ0	Eskimos or Inuit
QpgVQvn7i6s	glacial moraines
zWnEKm4IkUk	green revolution
DLQ2AxCeD7A	grasslands
HSHZB2zzryA	globe and map
o8JLl28RbLU	kharif and rabi crops
7I4J-x7Gzmw	inter cropping
EkS5LkDe2-A	huskies
BiyS8zVo_gs	habitat
7s8P3Y2A5jk	depression geology
wSxuX_frW3k	crop rotation
dM_Ux_3hrHE	cowboy
-xQuVCg2nXU	coniferous forest
Z33yF0IcoEc	confluence
0x58R8_t_lg	cold desert
4PyLOQZJIvw	coastal plain
bnQ2yQ51F5U	climate map
O6OVOPooW6U	asteroids
kQxfiEXuHm4	Arctic tern
Vpp-XnI-or8	Arctic circle and Antarctic circle
VvCkcEev-lo	archipelago
_YN8euYj3L8	angle of declination
hrbDhMZJK2Y	accessibility geography
yTWxKnovea8	depression meteorology
8iiYLBEaaeA	telegram
bW8jDHyFWU4	Teenage
nJMuhm2mOA8	sprinkler system
kbnwNcNVkeM	sericulture
uTF26WL5_4I	total communication
6v9G5TfuZVc	Toddler age
4hH8V6jgPE0	terracotta
JKcSzceSYfY	Urbanization
PIma4hiMPI0	weeds
g759sOtxO7Y	pisciculture
35ISM8mih9k	private transport
7rDDMLM9lt8	Private Health Services
2AvhiRO8YcE	rainwater harvesting
D945jBD5nto	rain forest
YF5SBpb77aw	publish sign
ccjPI3rrgFA	publish explaination
PTRKcoX_N4I	public transport
O1w1Slb52TY	public protest sign
k4DJ-NyzryE	public protest explaination
7eweVIuaKLw	Runway 1
Db8e9hjw2As	runway modelling
ESCy3p5iOZQ	Roman Numbers
Ps7CaOQsHFQ	rock dam
4UH8Dr9gql0	Refugee
Gknf3MROdyw	nausea and vomiting
8huU3-87Dzc	natural disasters
MvWHKPWHQc0	Nuclear Family sign
1fclZbHqqt4	Nuclear family
x91uBXsvGkY	Net Domestic Product NDP
IRR4VEo1YTc	consumer and product
a-Wqy8ybnzM	dairy products sign
Cx3UsHU2cEo	means of production
gkSKahmvMmg	dairy products
NBmxsTfON0I	demand and supply
4Mw-Z89GPSg	mode
GYAnF-rsCxc	ability to pay principle
T533UdNDrYk	aggregate saving
hYtlF_alkZE	aggregate demand
miUHtqHsu7Y	affluenza
DWpLY0_HdJo	aerosols
oEthGHgC7ds	advertising campaign
I_Q4gjXjUiU	adventurers
jn-fuvpE5Vo	adventure toursim
bFCFx-vAUSk	advance
WE5-m-xEp-0	Adult Education Centre AEC
FzTKdWtnn-4	adjectives
sDP_2ANFe5A	adjacent angles
0R_SNzO-vYk	adaptive radiation
G6kz8_a1R3M	adaptive expectations theory
RhjgVqpdN_Q	ad valorem taxes
Hahn4Y-LLRk	active tourism
2HqgXgbKtlM	action research
OUtvcZ75JQU	acronym
SJp_x53HHC0	acquired deafness
pgty72sx2-I	acid mine drainage
RTvhPkaYLZQ	acclimation
MfiDT5Kjjg8	accelerator
B4ZPtwHTjRM	Academic Bank of Credit ABC
WWc0hEZC4fA	absorption
Q6jlggADKq0	aborigine
_9u9qYO7IJQ	absentee ballot
cK_buDzSjq8	absolute advantage
Pc3-b1NsaiE	absorption pit
bKMOA-mYBPA	absolute temperature & absolute zero
9qcrpNtWRps	alpine plant
BCgIjVCyQvY	animal fibres
zETsO5ZKzls	ancient forest
QxGxy7gKvE4	ancient civilization
XtzkVrQ-WTI	ancient alphabets
E7BMw23FSlw	Ancestors
HV3SmGykpEg	anaerobic
mrO0amIQsJI	anaerobic digestion
1QOKpDofo7c	anaerobic bacteria
fTRlqQCham4	amoeba
XFEwKvMjHQE	ammonia
JINmcb_Er78	aluminium
POKInHKa5-A	altitude
PlM7o6mvwGc	alternative tourism
i8QyWEccPqg	alternative fuels
Kp_ODYiiwxI	annex states
ZYwAlXSO-Mc	anoxic
kT6LlK6m4CA	anthropogenic
07LMSl6lbWM	antitrust policy
V8YZa6FJJdc	antonymy
aEO82XVwzJ4	apostrophe
62H0GTMEBPs	application efficiency
uOQvl-iI1Po	Application
81U4QLIs8xo	appreciation
aSAFXAtIm5o	appropriated carrying capacity
g_dbApQyDE0	alloy
a3sYkMUcKuI	allocation of resources
Wtkf9lhCtCU	alliance
tpi3oLiTZFM	alkalis
62s9pYcDK6I	alien species
8gqvfkTcbLI	algal bloom
CZGDadlKLHE	albedo
RHYL8WsY_Ik	air quality
HQzvy35-pOE	air pressure
MQBmNzfyE2w	agroforestry
ysTz0EiLyaA	aggregate supply
-r0D65xcZjE	articulatory phonetics
xSWs8Brei3E	article
Gn1viBWRmdM	arithmetic mean
RvwzTeJttbQ	arid regions
ZfEGCs29EiE	argon
gl-xvBBrxq4	archeology
ZT5p-G9vQzs	arable land
gfwQBVKRKPg	aquifer
oZ9qEyGR3es	aquaculture
dejb5xQ2f4k	Ayurveda, Yoga and Naturopathy, Unani, Siddha and Homeopathy AYUSH
_UGJWxohKG0	benchmark
IdfaJYeSMrs	benefit principle
n5aNaI9e4W4	beehive
TKVdepN8RwE	beaker chemistry lab
T_c_i04SUcs	baseload
tP_p16cVxCg	bar graph
cmDKwhOyz7A	bank statement
JTYiJpvynxY	ball bearing
vB6TvAVtn-c	balance of trade
422jl-9dcDE	balance of international payments
lTwSCpOqBVQ	bagasse
BzoHFNEabiw	baffle
MuBzla5-qzU	backup
5V_qeVQ0zm8	backflow
XFZzC1P8ddk	back date
Bo5WrsjrwsA	Bachelor of Vocational Education B Voc
4SH48yMKcMw	Bachelor of Medicine and Bachelor of Surgery MBBS
FtYituzn0Ac	babylonians
Qb9f8uDHD64	axiom
Pb5UGcAg_44	avoidance
pbROvlfVN1o	average tax rate
6bzo-fDWYlk	average propensity to consume
CjpzbTLuXYk	average measures
e6iAvQkmaTM	available water capacity
NOvgXk426oQ	autotrophic
t43uDp6gdTw	autonomous government expenditures
Os5NM15rOng	Autonomous degree granting College AC
2YYudOnvCzA	automatic stabilizer
X3xp4tb5ccU	authority
hp1eD6qHsk0	auditory phonetics
KoENT_D3XAE	audiometer
O2mDQKukslU	attribute
LqDqvw3QJxY	attraction
jV-XVFiugwI	Atoms
JUyVirNCtgc	Atomic Energy
GzrC5m4sXWA	Atmosphere
fpHgc7DL9kY	asterisk
Crib7mroW9E	assyrians
OK3Csmz3-es	assumption
UzIC3DVO8UI	association
GmlDQGaq_-o	assignment
SzE5oH6rhAg	assessment
lToAKJXu6Kc	Artificial Intelligence AI
g54FfKnDuRs	bioenergy
2KFiPLI2CHk	bioelement
hYjNXV-i93c	biodiversity
mFxgrg0g26A	biodegradable
kxT5LVogtzc	biocoenosis,biocoenose, biocenose
VvS0eXD_cYU	biocapacity
Yl3FO9NKWjc	bioaccumulation
m_kbWvdBJP8	bimodal
5vYB7RIIhOA	billboard
RdgCvT2ycSQ	bill of exchange
dDrFcyJBhhQ	bilingualism
5KYl3Mtot9w	bigger integer
oOofuUXDw08	bi focal lenses
A33P53EXSmA	bicultural bilingualism
dka_1Zup-kU	best practice
aADtz_4ns8M	Board of Assessment BoA
Zgpehee28vQ	bluewater
TUUX6CVbOtI	Block Resource Centre BRC
xZEkpLCHW2s	Block Institute of Teacher Education BITE
EG3TY7PTebs	Block Education Officer BEO
Eyj8gSJ1284	blackwater
DOgHjmK2zy0	bisector
gZ0j7EKoePo	bioremediation
4YUQCo9V-HA	bioregion
bNEl_QfsTJ8	Biophysical
KJkzAdiFwnQ	biome
VsdaDKloDng	biological oxygen demand
tbgZFCtS1G4	biogeochemical cycle
PvE3YE2JAV8	biogas
Lq69y-dmKUg	biofuel
PmlbB7Cslkc	Bombarded
WirPhWpauAc	board or board of directors
xgY62N1lKq8	Board of Governors BoG
YxVV3mKiIb8	borrowing linguistic
wLxctc1JQH0	boreal
O0s0AwGy9oU	boom
MRE1N2zkI7Y	brand leader
ZjymbukhrwE	certificate of inspection
V-BDt7NZrCE	Central Institute of Educational Technology CIET
gvOQ_EW3YVE	Central Advisory Board of Education CABE
eudl5tC28IQ	cells
ERX_3OUkXi8	cell wall
zZgrqmufMOA	cell membrane
78nlA9g3mrc	cathode
nG5FP3BZl8M	cash with order CWO
udrwCHJOk7c	cash in advance CIA
z4aeWmnBDMU	cash generation
6yLU8syLJ68	cash flow
ETIiT_f4erM	cartridges
d4AcFjJ4dnE	Career Management and Progression CMP
vmpA81psKTE	carbon
rehp-d7-tdI	car pooling
T_fvB-mLosA	capitalism
n8A6bYvyzPw	canopy
xKOEme9YWco	calorific value
OejdgD_-Ef0	calorie
SCdswzj6XcM	business tourism
F3u6bLy_S1s	business cycles
mKRdnt0Ls7g	burner
R03kp17bX0Q	budget
OynXo0ZaO9k	budget travelers
0-cbr2FW-Tk	budget surplus
tHf82fOTggc	budget revenues
QSWmIm8sAfU	budget deficit
C7tojw_dz8o	budget balance
0hVmE_Nweg0	brownfield
nTf0EuBCPM0	broad acre farm
ZNie6kdZRG8	British rulers
c9QFA4Ds8k4	branding
jByt2JzwGQE	brand
0yUYsTCfg_k	brand stretching
6oKh-xe6_vQ	brand manager
sI95HPIYKPs	brand loyalty
43v_fJhyxZs	brackets
n04z5ty2X-I	borrowing, core borrowing, cultural borrowing
2V8m-LgM3Gs	cogeneration
D2w00bI0lHk	coir
fTWE1TQ2wTk	cohort
ZvZycrVr_s4	code switching
5xqIvm0iuSk	codes
sfRxLcGY9Jk	code mixing
8eqzr3ovD_Q	codebook
pZ9HM-dSwgU	cocoon
QiPxMr2spt8	coastal areas
uoYjgj9xGtM	coal mines
uEN6n6MMfsU	Cluster Resource Centre CRC
sOj_33r8tvE	Cloudiness
t5wJUbPEonA	closed question
FTX0_Yhy-3I	clock in or clock on, clock off or clock out
O8IXaEuHPjY	clinical thermometer
2MGMYSOZayU	classification
wykvd7vzV3s	classical economics
aN4dUkVZx38	class participation
qdH_RcsZb6Y	ciliary muscles
mIOdxmHEuPc	Choice Based Credit System CBCS
bFr6Hq6_XNk	Child Of Deaf Adults CODA
31BLcGJefPU	Chief Executive Officer CEO
zDyz-6OPQM0	chicago school of economics
_gr2oYFM0vk	chemistry
0TVxI9PrMKY	chemical properties
MAGUvIeQD9Y	chemical composition
F6RbJiY1FwU	chance
SE-KbcdF2_8	certificate of origin
LyiRB7CSGSs	certificate of manufacture
XO7exazwWkY	certificate of Insurance
z05XpjMv664	congenital deafness
SQYLY8vurjU	confounding variable
t4XFvok0BwA	confirming sample
TWGv9byxJmg	confidentiality research
DKjzJhIx_84	conductor
QyZfKlvR51w	Condensation
ShsLPbOJKg4	conclusions
yGaa-8xFeTM	computer search of the literature
_XEB5orrp8k	comprehension
AT1s8cRpUYk	compost
um72fUJAYSY	competition
_Qh-Au6EWGY	competence
RAG5cssgozk	compensatory fiscal policy
wWlkq69r5XI	communication options
Q03cngRM2ug	communication challenges
RVolUqPaBNY	common salt
AtNUGUVcgGo	common noun, proper noun
WQ0EYHl9AJk	common minerals
6mVLCkYZgQs	commission
LnvtSsyE0og	Commercial
A8UfY7ZZ1To	commercial Agent or Sales Agent
cYb6UyEysw4	comment
O9VKko-sWjI	commas
Ci8nihyUq6E	command economy
KNA_AAKnRk8	comets
gHtE7sKhTko	colon
lFFbsxtjM7E	collect data
Z1rDoFVSpN8	collapse
tX9AUf_CY7Y	collabrate
oaS9tH5IY9g	collaboration
ce0y-_A4B_I	criteria
n1TOOgPVOfA	criteria exam, standards
-DJtM6Am7j8	crisis
pBB4evvgiQM	coverage
h7VShioY7rI	covenants
GnOy6Gx1ScI	Coupled
AaucknnV6cI	countable noun, uncountable noun
yuN0HMXejJk	Council of Architecture CoA
43pXayTSmv4	cost, additional cost
7H4J8Ov0uR8	cost benefit analysis
E1izmqBFqpo	correlation
BJAVdXnYmSw	convex lens
QcS-XjiGvu4	convection
obgR1tOoI_U	controlling shareholder or majority shareholder
nmT-E3Qsrsc	controlling interest
8o4_pDIuhjI	contractionary gap
4EwGV92raFM	contour ploughing
WNyZ2FE_5YQ	Continuous Professional Development CPD
8twtqIKX_mQ	continuous assessment
lluoDERKHDs	content words, function words
H4zgswPCMFo	contact lenses
NWVqNqCk-5s	consumption function
mHO0NNQforM	consumer price index
vOLJagPD2LU	consumer expenditure
8I98BNjJc2c	constitutive definition
Ap6_e8Pvua8	constitution
iUmhhGruEYA	constant
Osuhde9kf6Y	constant returns to scale
d637sBfWgAg	consortium or consortia
IlFa-dZbP2A	conservation
pbNal24HKXo	Designation
q7V_KSz6FrU	desert plant
Ds13z0KStO4	desalination
Nlo2CJyCGEA	deregulation
GvJHI4k29n8	deposit
L6Mqb2-JsUI	Department of Science and Technology DST
d-uIU3gVQaM	Department of Empowerment of Persons with Disabilities DEPwD
SUHiNBS8Yoc	density
HZTzwdMx2J8	demand side effects
Zyj0G9YBR70	demand pull inflation
hIKH2RnqR4E	demand management
_l_OQJ4o8M0	degree celsius °C
W5jFqBthJRc	deforestation
Mptmr7I3LmE	deflationary gap
rpxlflfq39E	defence mechanism
RSqnqpTFy3U	defect
KWiSAfQNr3I	deep sea fish
I149pyFu9B0	decimal
Ndkzmc0wGwI	deciduous forest
s0OfmVWDzY4	deafhood
bfEwkE3zog0	deaf suppression
-xBNF7AwIRY	Deaf role model
CDbmtMLYl2s	deaf identity
cHAInL7roiE	dead sea
qsCi9xaIUyk	data
oDe_bspopkQ	data handeling
39g7FnRqlfI	data book, log book
M_iwB_OaWnE	data analysis
UJyn3N5Qpq8	dash
D9vv5S6ZoJ0	cytoplasm
JHOan2kvwDY	Cyclone
FAvtbs_rUow	cyanobacteria
yIxr6h-WbTM	cut and fill
ECVp_3YBKeA	culvert
TTOxRDbwGx4	culture, deaf culture
Nu60cO7cDmE	cultural tourism
tt6fxmeCsaY	cultural heritage
JCXtU8qjseY	cultivators
2GHBAE-EFY0	cultivation
0UGpELo3gew	cullet
NodUQTM_5uI	crystalline lens human eye
EmlRwkyXEBM	Cryptosporidium
LaeNBX8qeU4	crowding out effect
-4mhH0nLIvY	critical theory
7evwHjmaIT4	criterion referenced assessment
h_e2lXK4v-s	discount rate
4_JuCW03810	Directorate of School EducationDSE
Rt9GpMBujAU	direct observation
7aM2jhHKAA4	direct government purchase
nq2Jj-c0Kg8	direct assessment methods
jep1WhkaJHM	dinkus
dhsuGfM4Jsk	dilution
HDP4RQJSaug	Digital Infrastructure for Knowledge Sharing DIKSHA
Ej9e8LuV9bM	dietary fibres roughage
i_H9RkauAa8	Dieback
hVD62oH4ksA	dictionary
RHKPFyvkWpE	developmental psychology, physical growth, psycho social development
zbG483LrUng	developed countries
flY52KmLRNA	devaluation
LklRZpMxukU	destination
IA_vFB_lZcI	diseconomics of scale
BYjx4ZoqDu8	discrimination
_3IewmjDyrg	discrimination against Divyangjans
cZjn6tbTYAs	economic goods
1Hue9Z6vjyY	economic development
n2iso_jcusA	ecolabel
SZ0l-QyQoeY	ecohouse
U2c0xzMNr7U	Eco
AbWesHULtLg	Eco system
Rphl7fqY7pk	easy money policy
KKOb5qNgP5A	Early Childhood Care and Education ECCE
SWJt23EGQjE	durable
kHTZwo2y6A4	dumping
H8bvBdGVMK8	drinking water
hDeyfrhxjus	drift net
RpokNFVxUIY	draught proofing
UeaplwkHiWk	draft, drawer, drawee, payee
A4UKyrW2SzM	downstream
ri_UB2jja2o	downmarket
rQU6bQTn8W0	double taxation
QXQfMXNsV1M	double bar graph
gh-j3RfTA4M	Doctor of Philosophy Ph D
kpdyDMNAab0	diversity in sign language
8xKvkDFOD1g	District Institute of Education and Training DIET
BTms-FSCpNU	District Education Officer DEO
s26tvNfYjqE	distributed water
l_YKvoQOz9E	distinct point
sECqm6Ee290	dispersion of white light by the glass prism
qBMLjVagN8U	discrimination against animals
tV9GEPela8o	discretionary economic policy
QqBg6xJk-qk	economic growth
54bkZw9Iuus	economic system
8KlSLUnlUeA	economies of sacle
V4U632uGg_E	ecotoursim
xAeCpjNNvz0	e cycling
2C3Iy98N60s	edible, inedible
aZqCwnH5cx0	effective assessment
RLx5QVpBA1c	efficiency
9Z2anLxPWLM	effluent
lvy1nNvAKwk	egg shells
oGYo1vTesWY	egyptian civilization
I39G2rxwh4k	electric vehicle
pVkhiPisgwg	Eminent Expert Committee EEC
qU4Ax21HfIc	endangered species
UPjNJoTHIF8	enrichment activity
kfVH9Cm27-o	equilibrium level of GNP
KgEQ_A9vNs8	enrolment activity
IYtlyHZR-24	enrolment
ERSZ3I4KG7g	environmental proctection policies
cwrAIf0EedM	equivalent fraction
HYShepZdx9w	erosion
sniHdumIUK4	estate tax
bEKKPELq2aE	estuary
qCo18q9Q3zM	evaluation
kHv7SNy4nfI	evapotranspiration
wOURVDj6-kE	e waste
WyfxMkWZaCg	ex ante distribution
5tZbidU8ZRk	excise tax
29Ybv67-_v8	exclamation mark
EhIntOe5GRY	excursioinist
CJhptHhWWLc	exhaustive expenditures
vv4MsbLmGWI	expand
FyJhw_CGQgw	Exploitation
FEjow5xCcSY	exploration
oiTxm3gTwvw	export licence
cjHdZaOixKc	exterior angle
Mvq6RwimrlI	externality
twuV6UXoYEE	external costs
S7cdrrq14dk	extinction event
SS7jT_lZbL8	extinction
LWkrQTIytt0	extrinsic tourists
Tx1ay7K-REw	eye donors
8r5oA78fQaM	eye lens
w7MK1mSKNu4	Factorisation
oGE_0zYF57c	factors of production
TSaXo0w5Z4w	Factors
Jy7wU6IMHqo	Fangs Poisonous  teeth
HSlrh8OLIC0	field work, field visit
-d9U3fFlIZg	figure
AaKG3zVIkx4	fill in the blanks
E-bh-FgW6kk	fiscal federalism
_2Ds-K2UJ68	fiscal policy
WBCikTlD8xM	Fission
_be3_yA21Zo	fixed exchange rate system
mqQDksdxot4	Flask
Qtqki62bTGc	flat tax
icU--bYFfyE	fleece
YR8OkKgbbJI	floating exchange rate system
KMHtqzlJyQY	fluctuate
qsD0JgjkGUg	flyway
MyuF7rMAgZI	food chain
h7ua1HzYjX8	forage
p_XfUFDjTy8	foreign tourist
Oy_x-gcvfMU	global economy
44-NJlbe6pQ	Global Citizenship Education GCED
2pPwmPdpwrc	glass prism
pdhpiglQ7E8	gifted children
g787Ji7v8ls	gift tax
NpQuqj330VE	Geometreical
w6iQHcVAY7Q	geographical facts
BDyWWY6VL8E	genome
he_bK6p2AK0	General Financial Rule GFR
dNVXJBTnFLE	General Education Council GEC
AG4BaZPHir0	gender discrimination, women's oppression, sexism
T0ZWH1t7GMs	Fusion
b--4rRoooHY	fungus
typC0z-twg8	full stop, full point,  period
V_cK_Dnme5Y	Friction
P6JQaNSvurg	freeport
Axo8LGRPHu8	free enterprise
3Pcck3AvA0Q	formative assessment
LvVbKMDy4Oc	forest floor
qdDazJU3oFo	grading
uG1uS_TfB-M	government transfer payments
cUukRICwHM8	government failure
koOzQSkweDs	government expenditures
vfujmgR4G2Q	government dept
J-ywKyHMJdI	golden age
wi5-OOj3e8I	goals
xRGsLLUyKmI	GNP
GyMC4vwu_R4	Gravitational
8sD8PZJ4PhM	Gravity
4Lm6LStjjwg	greater than
TKSUH3tC6F8	greek civilization
KQi6IrKMs4s	green revolution
Ini4qrfzxX8	greywater
jElVB_IEzNI	Gross Domestic Product GDP
tQQ6_8YNB_U	groundwater
A_9bWgYVy0g	hard of hearing, Deaf as per RPWD
4JXoVzFt3VY	Health Tourism or Medical Tourism
WK-ULGJ626I	Higher Education Commission of India HECI
6CW16WpDmIU	heterotroph
3pJzqpTYn74	helium
DEAShp9nxl4	Heater
lE6GbFRu5II	hearing loss
awmglYgq8Z8	Higher Education Grants Council HEGC
TBASsG_IE9Y	hyphen
Yf7vgFz0nhY	hypermetropia
Pc3D52pGzJg	hydrochloric acid HCl
4ZfGZxj-UZ8	hunters, poachers
ax-JQUNK4yc	household waste
hB6dqjcAzJ4	horizantal equity
u_vFvyj0gX0	homophone
F-BsTeMLr-M	homonomy
rfdFBTQqtfw	homebodies
gIkh0S_FlFc	holistic scoring
bWDgfJgWXU8	hoarding
DyACjV-NOgs	highlight
UTOxwEJM_ts	Higher Education Institutions HEI
35sKRjnwXOo	hypotenuse
xnfhz-hu3H4	Iconicity
JG8rC3nGHFM	idiolect
nSfyib18O8U	imitation
3v9LxsRVikU	implement
KyNVhOXQ_eg	import duty
uJPzYy2Alk0	import licence
O1uSPWW9Q_E	incentive
rZGmRayloA8	Inclination
_mPin8QnvZc	indexing
CWLzmSnBC7Y	Indian Council of Agricultural Research ICAR
ZWor1sb2IE8	Indian Council of Historical Research ICHR
Cr7cGk7jV30	Indian Council of Medical Research ICMR
RGOziXbz_Tc	Indian Institute of Management IIM
pXxbeT_B8nY	Indian Institute of Technology IIT
DBU898pxY_Q	Indian Institute of Translation and Interpretation IITI
p1jN66pEvdU	indigestion
bBUwNSN-Ocg	indirect assessment methods
3UdlS6OrvZQ	indus valley civilization
EKmSN8AIhH4	Industrial Training Institute ITI
oroIffVq6eM	infant industry
sFrTkxbxtRo	infiltration
Mw2XXZYJSfI	Interconnection
211G6_VKTR0	intelligence
ofm9FwbFB4U	Intelligence Quotient I Q, I Q test
WPgGH-OJpYQ	insulator
mBuZw-j4qRI	introspection
oCZWyPph3J8	intersecting lines
YToufOPCYOU	interrelationship of plant
GxxYfQptEwk	interpreting practices
UwWf2yA2Bs8	interpreting ethics
V8IsxabM7V4	internship
TeegJIe5zTs	instrinisic tourists
OTc5lCEnv1Y	Institutional Development Plan IDP
0TZ0IRNCrts	innate
2F_sB-_kynE	ingredients
cmcNrOlLEqA	Information and Communication Technology ICT
FBxf5ruvl-8	land fill
3U6uRZzcaEE	land breeze
kPZWoItOfo4	labour union
0PLRFJyDTRo	kingdom of animals
ks_hcrFJKkM	jupiter
7DlctxKtxIU	joint venture
1pQDSS8d7bk	leisure
UmMSQYdynqc	legal rights
JYMQHs4qAeM	leaching
DSledd6xLDA	launch
7PIQV27L7xI	language variation
BUt9elJDnCk	language shift
0H4M_2NCgWg	language learning
3lg0nP-3l3c	language ideology
6qbwBeDG3xk	language equality
g29A4RhN9YM	language death
B5SXSx4zmn8	language contact
zPW78EVbbu4	language change
04u6vRtbDGU	language attitude
UuR9z5IxIv4	language acquisition
szFntAQ7Drw	Landmass
pJszxAHO5IQ	linguistic minority
LntkL92P4uk	linguistic identity
E8CHFMvKnm4	linguistic diversity
eFHJAQZeM5s	linguistic communication, non linguistic communication
hwyvhTfKYZ0	lingua franca
vXaatXAtZBA	line segment
-FhRhSfKEjE	Limitation
Tonwq6mx5pk	lilacwater
NM8U4Zgsatw	life cycle
YVXThOFRmCw	liberalization
NJ2k7W7Mdzg	liability
G9nT18CDSh0	LHS
Uq3-IRtbDlo	less than
mvR_H6LlaAA	loam
SXTMYgzocOo	litter
HU4ZlCQRB6A	market challenger
WXT6mMbxAGU	margin or profit margin
Y5wwMyDj2Kc	magnesium
ScM4-yzyqLs	meat product
S6VJA5QHyS4	mental age, gifted children
jlwsHRLehig	misconcept about deafness
HZgo0bEcBFs	Ministry of Women and Child Development MWCD
0OczdYVvwLs	Ministry of Human Resource Development MHRD
WUieKuuLcyk	Ministry of Health and Family Welfare MHFW
T-LKdoYt8kA	Ministry of Education MoE
pHZnyjGuMME	military power
PNlBZETUGy4	mild hearing loss
XYNV57vsX1Q	middleman
NqUFEiO-yZc	MHRD   explanation
qkQ7aF8sEsU	meteors, meteorites
Ym7zK4-8mLI	metallic minerals
FzNnERQXD20	mercury
z6lx9Z8hN9c	Memorandum of Understanding MOU
aVmVNPzuP08	Meeting point
XrsZEW2zbyo	measurement
1tGhou055C4	master trainer
fzW1jPuq_Zo	Master of Philosophy M  Phil
v6Ze-C4BLtU	Master of Education M Ed
tQBXruzplHI	mass tourism
sUx6Tc9RffM	marsh plant
X37QmIyRBBs	mars or red planet
iDR3Hq4oQTA	marking scheme
joNTiauPBsg	market economy
_JbUX8BCQ9Y	loophole
bvQqyGWvCig	Location
dsk-w8d1qsk	multi level marketing
lcRTjMTc07g	Multidisciplinary Education and Research Universities MERU
SrfdufXlFSU	mulberry silk moth
ikAAjyaNhII	Mughal Rulers
0aBAHzPjk-0	mouthing
OF0KJvEOuq4	multilingualism
PR79A9GDeWY	monoculture
2keEqCOk_RM	molecules
xOxe-T9cytU	modes of linguistic communication, aural oral, visual manual, visual graphical
k3oMFH-qtD0	moderates
WOQupdAJKgk	moderately severe hearing loss
EM9ELDGlU20	moderate hearing loss
XMm7ZENEAoE	model answer
UGEPt10tP7o	mode
eHxACb2mmtE	mixed fraction
BKRtT8sMvIM	National Institution for Transforming India NITI
PwiCqcNqey4	National Institute of Technology NIT
H7Jq3Z4jptk	National Institute of Open Schooling NIOS
hFLkprPrEK8	National Higher Education Regulatory Council NHERC
LsUBlegmlF0	National Eligibility Test NET
GK4TZZ3QoJY	National Educational Technology Forum NETF
NQOxK8L3Sf0	National Curriculum Framework for Teacher Education NCFTE
HQbUqn70HGo	National Curriculum Framework for School Education NCFSE
CpiZuZVRL44	National Curriculum Framework NCF
Kh5k3oHzUUQ	National Curricular and Pedagogical Framework for Early Childhood Care and Education NCPFECCE
S68u1a_YMiE	National Council for Vocational Education and Training NCVET
OKF0S0crj7s	National Council for Teacher Education NCTE
7Uu-_7zOBl0	National Committee for the Integration of Vocational Education NCIVE
_Y5jeZaZIpI	myopia myofic eye
IAqY-S3nkiE	municipal waste
G33GLIraT7g	negotiate
Ao7ssE3rljE	negative integers
7niqLt0GULw	nectar
Y72dFPvnTsY	nature tourism
Dey2IzamCKA	natural gas
XPg99cPe-Iw	natural gas resources
I6XgRpCV4Wg	National Testing Agency NTA
dtsSHSZCS1w	National Sample Survey Office NSSO
S5RUmbbvUdw	National Research Foundation NRF
8Ahp4xUAdys	National Professional Standards for Teachers NPST
jL2Pcq8Q2z4	norm group
02PzrKOS1QM	non manual expression
_7qXcPbnknY	nitrogen
GzFtkU9g-Eg	nickel
wfZFlMUrlYY	neon
rdkZvvIUHOs	one group pretest post test design
1OvsPLMsCpA	oil spill
Od8Pgy3d-eU	oil slicks
vgjYwe3iaWs	odds
9OIsnO29oHk	Ocean thermal Energy
aBB4cbxHNuM	observer bias
iG2LWCz4cHk	objectives
5_DE08iYK9M	Nursery rhymes
4XaxZDOn0d8	nucleus
-wFvIkUIkE0	Nuclear Energy
suF94ogfYHg	noxious gases
of9R6PREHTo	noun
zdJ-IZD9ZjU	normal hearing sensitivity
7k5Llpvhnng	normal curve
eLKsraUsGWI	norm
cJFURt0AYf0	outcomes
zPs3XToC890	Other Backward Classes OBC
OOot3TnHtpw	organism
zrxhnA_z-vE	organic
nCyMhpfW-tg	organic food
r57FWQtWfZ8	Orbiter
zpETm5PwZyw	orbital direction
EHmTVgFraw0	oral statements
g1cFMch0qvs	optic nerve
0O9ZSvJUaBA	opinion question
-heLIMkSdcw	operational definition
6nXKgVEBN28	Operation
lW2s0ZHA4bU	open response items
ua70MEVyzM8	open class, close class
dSK6_VLE49k	Open and Distance Learning ODL
DPskSnNqt5Y	Pharmacy Council of India PCI
vJ9e2c7449Q	personality
G_eFb28RTfk	Periodically
XxCzvwmFay0	performance based assessments
JTg6BgN-OsE	Performance Assessment, Review and Analysis of Knowledge for Holistic development PARAKH
Tn5yuDCKZ00	perception
jVYdHhQeFBY	peer review
lrIU26Xnvbg	patent
p974fD5M0gk	past tense
Xd7-YUypIR0	passage
wsXsUHlV0lk	paramecium
3HyvcuX5I50	paradigm
UN036GuDg-A	over time
Rcd0r8nwZWA	outline
Kyfw1lXi7wg	outlier
bxCqNV8XFoU	pilot study
Nzath93E_VA	physiology
SrYvWl3QVe0	physical properites
Wzv2GrwnW8E	phrase
kf0MIggQfRo	phosphorus
oyQhzcY-6jw	phonological variation
ho2tXfMxbS8	phoenicians
YsyL0ev91VE	philosophy
sBqljcwSUVk	Phenomenon
7vRk8Mp2X58	poisonous or venom
ZL5WbDlqdXQ	point of intersection
WWRXNekyaFE	pleasure tourism
txcEAgETcqQ	plastids
M0lKBhJBSRc	plant sources and animal sources
MSQoqwcWNbs	pioneer
y_TqAYInwLA	prism
g4DBvKQ3vBk	profound hearing loss
jAWeVYi_Og4	problem statement
4cZ3DXWhHE4	probability
BxJ8Hjg6ytg	principal investigator
9gqNuV_7Pjg	prefix, suffix, circumfix, infix, affix
UsG6yFJF3dk	predictions study
aXuEadOKfcQ	precipitation
rmMi8epTqZk	pragmatics
wDIW1VIKcOg	power station or power plant or power house or generating station or generating plant
7aICY9I0kcI	potassium
67rBvgkBZ8s	potable
Nr5evEpudv8	positive integer
Yw8heCca4W0	position papers
0sHlkytJ0ww	polysemy
DtCeBbFbQ_A	pupil
V9Y_wn6i7Vo	Pupil Teacher Ratio PTR
NlH5MLoh09M	punishment
9asfBHoMpII	publisher
LjYO0KTGq5g	publish
ZIaFqOxIvLQ	public limited company
qFuAIPw3-5E	psychological therapy
ONt39Ft_j6Y	protractor
hYqcwQabS6w	prototype
tKQbYME97F0	protocol
U2efT9oEqAY	prompt
dvaMP3oH5R4	promotion, job promotion, sales promotion
PS-O7j2J9WQ	prokaryotic cells
_JVnwsM1tMU	prokaryotes
dH6eF2itB14	programme evaluation
Il8FKhqzc1c	quotation marks
V-awMF87G7Y	quota
PMMIm6PGXko	question mark
qpEhvCxng1M	qualitative research
y2ci-WOEoh4	qualitative data
xICEff8bgTw	qualified scientist
HmxakgoE3EQ	purposive sampling
wTd5rEptuEw	purpose research
YBF5h5r0cU0	recruit
wURHDVuTOso	recreational tourism
tGPm9oGu_9Q	recreation
qXwfROwO5n8	reciprocal
wpfkHtoyugA	real estate
W8l38_hW_zw	rational, rational behaviour
-uGAiCVzD0g	range
rdHK7dZjvKQ	Research and Innovation R&I
HNOja7uLY9o	research & development
PSwXMUwmst4	renewble energy
riU6QQfWtsA	Renewable
lOTr7yOHy88	religious tourism
d4ZBijBvfZY	religious discrimination
myYH4njXhJQ	reliability
_ihFKxNivJI	Rehabilitation Council of India RCI
mwNYyf-KwdE	Rehabilitation Council of India RCI   Explanation
3WWILLmKtNw	Regional
vqJLQszVtD4	refraction of light through a prism
d2ZqQBZE1gA	reforestation
OwaoEghmWj4	reflection
3f9CcNA1ngg	recyclables
SY56CleXd9o	Recurring
-BY8XwNjcaY	sales tax
-kbZVzh_VRs	rural areas
ZZVukI3Kv1Y	Routed
ZK6az626h2c	roman empire
f1gimqdca5M	role model
qHjlAAEuftM	rock
sWSLRJupLRQ	rock salt
3i_AvVhdYvc	RHS
Wsv0McX6SoU	revolve
IYajXAW_SG0	revolt
JtZ9tUT6v6w	retina
jz9n3ZLTZOg	residual waste
qdI5PtUAGmU	researcher bias
PhF86-XFh7Y	research
M85RLH0bO8w	research design
l5qmLL0mJYU	sea life, marine life, ocean life
tggp2w0GJNQ	sea mammals
GI0qj9k2CVM	sea urchins
wALhTMBdTwE	Sea Level
KxQsGANP7qU	sea horse
0447WMrqsxM	sea breeze
vQqYVzyW_84	scouring
jbenqArepqk	School Quality Assessment and Accreditation Framework SQAAF
Uff2ZeGjUBI	School Management Committee SMC
nrKragyW9qo	School Development Plan SDP
Fxw_Q-5IOq0	Scheduled Castes SC
U2cn0GGIo5U	schedule
BwvSTj1Aj9w	savannahs
Pb-JRW1YshE	Sarva Shiksha Abhiyan SSA
v_Tlxkgwzug	sample
hyJ-IUp3Yag	sign language instructor
jFaFvt6D97k	Sibling of Deaf Adult  SODA
LbPAjKoT3cU	shearing
KtLvUejfy4w	shark
Po3CY0FZFkE	shallow beds
NR1oLPae8sU	sewage or domestic waste water or municipal waste water
rZtMfr5yQ1Y	severe hearing loss
qON2nvnmZ3k	sentences
MmCGxPRuhLY	sensorineural hearing loss
soEjgKO_lHk	sensation, perception
FD091bojdaE	semicolon
Ovei3hny2eU	seeds
pP6d1DSpOAQ	secularism
Ql_G2WeTBQs	secular country
3OnZiHCx_HY	seashore
iGvwm-CCnIc	Solar Cell
aGfslhsbgxI	soil water storage
p3_O3JPOAW0	sodium
iuy5ij67134	sodicity
6fMhQaUeQTk	Socio Economically Disadvantaged Group SEDG
DKr4GpfvYXc	social tourism
b5Wcahn3puE	smokeless fuel
V5Sasx3p16Y	Smog
uO3eokKHy0k	site
lWacXU1eF_0	sink
N2a1Aj2gy9Q	singular, plural
3HgnE0vwnFw	single cell
pALDcEPrnQE	simultaneous language acquisition
hjKPYoUGWZU	simple equation
5vnAcs0lFDI	silicon
OXsVT-YQ_5c	sports tourism
hFWz-uzJ-Z0	Spinning
m5Gp9zSqZ1I	spice routes
NQSlaulVjAI	spherical lenses
SkrDPLNr24E	spectrum
n41auLkBySs	specificity
3SMyl_z6BrE	Special Education Zone SEZ
0wlIPlwqTC0	speaker
PzWn2B8xCSM	spacecraft
muJYc22QYXM	sorting
zz24dGkiZ3Y	solution chemistry lab
Bnho668dyDg	Solar Plate
wptBviscGRs	Solar Panel
8NvmTGx5njQ	Solar Energy
04fdQSqTSw4	Solar cooker
xwzKd8IOY0k	style, register
3YS-JTbScoQ	structured interview
0Jsb4SYbg80	Structure
eRsDHxZ72Vc	Strom
A6dD0Dozmes	strategic environmental assessment
0JayuQgDwAA	stepwell
ABGOdDJ19zY	statistics
k47pKclC59A	State Institutes of Open Schooling SIOS
n3Dh71dsOfw	State Curricular Framework SCF
WUJKOXskdK4	State Council of Educational Research and Training SCERT
g-4eKr_UcvY	starvation
TZlPKJJjUSU	star fish
00GKz_JSzf4	stanza
o8L2tL82ICg	square
XbWvSrFgBY0	sprouts, sprouting
MuKQkCMbkJw	synonymy
V48PXoFX59I	symbolic congruent
F6ExeYQrE9I	Sustaining
qTmtV3USbSM	Sustainable Development Goal SDG
lLx-RwM3Sag	survey study, research
8QCloA4Rkkg	surface
0VhUjK5wBQs	tally sheet
XPvVWvm7m_0	takeover
Qj-cbd4GZoo	table of random numbers
_rl4DS33uE0	summative assessment, evaluation
c2Wh11VnG4I	summary
OE8BXgeBj-M	sumerian civilization
NNalB6xI7Xc	sulphuric acid H2SO4
rKt_fwfIFbI	sulphur
c-YPl8o2X5o	submarine
raigbWDayOI	Tidal
LIOjqrVwc6Y	tissues
3hGJtd3Er_8	thermometer
Did6tNSJd3I	theory, practical
Gm63fp0dlWk	the milky way
4cQeRD-tKlo	test tube chemistry lab
62D3sCsPnpY	territories
Yd9AR7m52mo	terrain
0EhiEQdteO4	temperature
9MdGiIkLli8	Teacher Eligibility Test TET
xz4wbSoOcNE	Teacher Education Institution TEI
0IVkP2kFqB4	tea plantations
80IO8kemzy4	target population
QCFpuHXTn_I	Tap
gg9fEhaiBwM	target
ZDAtt1Ip39Q	Tower
j7YXr61H1X0	tourist destination
aEYrEUd88mc	tourism
0TD8y7xVjvU	tourism management
YQXOVgqpDbE	tourism carrying capacity
AOGjLe-ptEs	toothed wheel
gRg9119_9vA	tremors on earth
ywDAG_yHcnk	travelling
n8zoGJ_VOVk	transversal
yA09KAkC1go	transversal of parallel lines
0fFLV9-z03Q	transposing
DVYoV81Wk4o	transmission
ibmlOJkN57E	traditional functions
xoOOGkkOw5E	trade
k6sxN57NwJ4	track record
aTb9en0lXAk	Vagaries
K-Qm6j_9tpE	vacuole
XwJ8rlcZ8PU	vacationers
ZZRpCpdEtIo	Utilisation
PLw79dcIj-4	uranus
QkUE3BPGWWo	Union Territory UT
kJJ9-JKNkRI	unimodal
_u6aZK-PCwA	twinkling
7Gk62FU5cxA	turnover
Nzg6ZXCCcnI	turbine
5na2E6S46HY	tubes chemistry lab
7xfFUxCUNKc	tribes
4Qeycerc4AY	tribals
CZzesd7rAD8	tribal group
9rDZhcCU-hE	tribal chief
IXfA3K-qQRY	zone
5sa9z-jsIQI	yarn
OMWGB_NfqsU	world trade organization WTO
Dpv3sEOM4QY	World Tourism Organization WTO
TO0ZY5SFENc	world economy
CFogfTtN1cE	withdrawal
nEAymM-2rKI	Windmill
Xsl3T_qVWEY	Wind Energy
RFFkv6oYNac	whole number
eWGtzSfgYSE	whitegoods
TKHQM45JPik	whale fish whale shark
CdLD0sNEYN0	waxing, waring
gnpFHevbTKM	waves, tides
MZH5fTm_yhM	volcano
TOg7jKk-OXA	vision
5bY9JP9dKkk	village sign language
qLtE_jvARak	Viable
PfN-N_M2e2U	vertically opposite angles
oNcHGLsSzA8	vertebrates
2VjB2h0ICng	verb
Sb1VNPnlRIA	venus
4RBtSC_Onsk	ventilation
xNQ2AirnacE	variety, dialect
MWaKzMrBuiU	value added tax
DKIGhyISbx4	plagiarism
6WzQnONQKF8	oralism
SXj4aHOaftk	loss
jg6iWjkrqpE	eye hand coordination
1vOWwGwJnaA	educational bilingualism
__Rfccc1O5s	early intervention
fjAzliLv9e0	ear drum
ZOzgAv37HsE	disability studies
LQZQ5q_RZHA	deaf studies
EylBG1tKhcs	B Sc
T9fnHZmc2O0	B E
kgjqp6hCxYo	B A
v3wB6CgGUdM	workers' union
QFQ93hSZr8Q	weekly market sign
KNeaLQR7ZkY	water breaking
v-sanvK_sXM	universe
kMLaZ_xXSL8	tubectomy and vasectomy
8RUcWrLX4xk	The Great Depression
8QcNc_abnyI	surdophobia and surdophobe
ESoQi1Jrj10	stocks
dJb3Ej6iaHI	standard of living
MCjrTHnaPv8	sex ratio
QGl-DTNtER8	reticulate venation and parallel venation
EI3xPTrrlnI	refund
__NZQCAovNY	Ration sign
UzwS11SAi_s	Ration explaination
jNA_mvks9R8	public goods
LLd-zzFdr_4	producer surplus and consumer surplus
Ldw-2gPYEgI	private goods
bGUMuszj8_4	price ceiling and price floor
fD_ttdN38yo	prenatal and post natal
sEL36s5EjIw	poverty line
3dxMmropR00	population density
xE8QwQuW3gk	Planning commission, niti ayog and 5 year plan
SOn62whTFE4	pi
G9co-bMtY0M	physical map
WcBmcjXScHM	payroll
zNK_RFsrx2Y	oralism
u0ztR0OmOcg	normal delivery and cesarean 1
AZP9YCS8Rrk	morning sickness
K-2FZqp1_uQ	Monopoly
3xoFs01ENwU	miscarriage and abortion
oL-ie3GZXkk	microeconomics and macroeconomics
BG6i4oJlRd0	literacy rate
bB2ZbX2m29Y	life expectancy
nIcBy4dj0Kg	legal tender
o6_Ai38e88E	landmark
Ct7mgfbvKMw	labour market
uj9XEnRx38M	kayak
qTydxCbgg3A	joint family
Jnp-JPyLy9Y	investment
qG0nmyw0Ve0	inter locking and lubricant
teQ-rC-7n3g	induction company
twYTnFzLnWM	import and export
d2akyAHEBEM	Humanistic perspective
aw_Mjvaymsk	horticulture
3qaKxFRZPPY	homestead
yw75CF2B-gU	Helipads
eBbU-tIM5HE	health food
RSv3-oSmog4	handicrafts
spKiMLnliw8	hand picking
YkijtK5w_WI	Greek alphabets
5fkL6f2vWkU	greatest common factor
osh6CFleim0	granary
oMzlm9ggp90	Goods and Services TaxGST
9Y5mLKuzdxk	ginning mill
cLd8oIfp-40	geothermal energy
F-8Zs4FOAyc	free hand drawing
3pQR4SNuEXM	focus and epicentre
bSVW7m5xgGg	flash flood
cDaJhpyQZGA	fixed joints
56vsf9qRI8E	fiscal deficit
1IrjeX6ONuk	first trimester, second trimester and third trimester
ilYvOHSWtYw	fast food
EdlsbDJIIBw	exponent and base
4LOB6TA588M	Expedition
ptQ9CPifTgY	expansion and contraction
pA-hqILzU5I	estimated delivery date or due date
1tiy5N2r57M	entrepreneur and entrepreneurship
ml-ebiNiQT4	endogenic and exogenic force
8gVRy7vYwJI	drip system
plnnucVhTgg	double burden
kPrvM3x7lJA	dockyard
vPDu8YdW1fE	Divide and Rule
xoywKqTRQDE	direct tax and indirect tax
kjAzwMCrGXs	dictatorship
LqDZevZyvdc	dependency ratio
gNPv2JK_w2s	demand and supply
41i1Kf2TC1s	de value
Y94uDQWGX_E	Current Account
GtKrCFoQFxU	cultural model of disability
MVKrWtHc0ZA	container ships
j_xa5ePgGGE	chain of markets
Sodv6twx5II	central bank and commercial bank
gbpvhaYnT78	care giving and care giver
Uc-R64fM2As	care giversign
brM1BvwAs64	cardinal directions and intermediate directions
A7oqyLzS5To	broadcast
GzQGys-UxaE	Bramhcharya, Grihastha, Vanprastha, Sanyas and Ashram
HWObSKq9Zk0	Brahmin, Kshatriya, Vaishya and Shudra
9zaQHOCMYiw	boycott
iSZl2tJadyQ	birth rate
8RLp4t-eJwg	Bhakti movement
4AriCdf79A8	base population
36Yb9Ye4AeY	barter system
-3PCNGWyv9g	bank rate
JGYbfcoiXPs	balance sheet
z-Fu6G2PTME	Ante Meridian and Post Meridian
U7w7cvGVtY4	animal husbandry
-Lt8eE0VQMo	angle of elevation and angle of depression
hBd6D39AfsU	air traffic controller
D_NgTOyCHOY	agricultural drought
_4Ej7zyhh0g	aggregate expenditure
LcVAjxTDyKk	age appropriate learning
l5qjhL0PZ50	aftershocks
hMGTgT5xTQU	afforestation
otiibG4Xy3A	active voice and passive voice
5ypl2rXITdM	acceleration
dsI0BXYXZL4	Launch of 500 new Academic terms in ISL Dictionary
Ef2RpPRjdsk	breathe
2GWnXZiZP4U	Subcontinent
5XLZOxBej_8	Divide and Rule
W4hrhLLQSRA	Battle of Buxar
bmlUGAll1y4	Jizya
tTgrnPmTfFY	Address Risk Factors
a_YF5NMdfOc	Ability
qu_Ht3Xj4Q0	Alone
dkLY3SnvjnM	Alcohol and Drug Dependence
SwClCzcKf6A	Agitated
NXic6m8e5PQ	Age Regression (Childlike Behaviour)
D0XoFJAavvQ	After Care Services
Pgk7goTiMz0	Additional help
Ja09D7rkjpo	Activities of Daily Living
LkKebazavd4	Active Listening
lP86Aat8H8M	Acknowledge
zTk4DqXqqTM	Comorbidity
k6DEQ7Ykyas	Communicable Diseases
weUdTI4dGZ4	Cognitive Behavioural Therapy (CBT)
uBmT6dm46zo	Breaking Yourself
vrJ0_S-rDTE	Bipolar Disorder
wyWtFa5BTX4	Awkwardness
xiAOP-EmxzA	Awareness
w3JR2qtna0c	Avoid Situations
up5m0ndhywU	Authentic Self
r1znHX_9SZA	Assessment Tool
ck8bCDVa97g	Community Participation
fkdahr-Tu94	Comforting
_ISrKKbGgOc	Clinical Skills
XuB94ZLG6sE	Childhood Trauma
dk8PHgYmrHc	Chest Pain
bij9wNKBvgY	Capability
XhPhNOolrCU	Brain's Function
gYPFySroI64	Bereavement
WW2gTcalKx4	Art Based Therapy
ZaAxc68-98k	Annoyed
Lc5FOXBFQ_w	Claustrophobia
P0H8l2NiFBo	Childhood
IVqBsyEmhRQ	Betrayed
T9DqDinIEjY	Behavioural Disorders
Olan1uS_J6I	Aware
Ug3Q_Vh0Nw4	Autism Spectrum Disorders
NsAEbx5gamM	Attention Seeking
NGNQaD3yFTU	Apathy
OvBkJWFhlsw	Anorexia Nervosa
SNoQDTBKLZM	Altered Mental Status
GnBLgw2yFBQ	Complex Trauma
AhAgrgSxpFw	Cognitive
I634L9JbTPk	Catatonia
G0rUEi1e95U	Capacity Building
EQ7sYT5EHH0	Body Dysmorphia
Cr2y-UTjRBU	Bitter
E3A2embOvSg	Behavioural Activation
EDhxQGPC5bc	Awful
GxZnMM4e45Q	Avoid
CRueHEFOJmU	Attack
2NKk6PNaqGI	Codependency
1qJuc3QRQLo	Chronic Pain
2OSw1eSUWJk	Certainty
7irEtqCdy_g	Causes
0koeXGAiTfk	Burnout
-ppQdOJnDLw	Bulimia Nervosa
-x9YA9_BJUM	Brain Fog
7Lirs3mh3ko	Body Positive
89-wQxff5rI	Associated
8HPdD_JDWzE	Alzheimer's Disease
wW5xau_Xgxc	Emotions
m86pcAer4Tg	Emotionally Unavailable
uNLzTwww_ao	Emotional Manipulation
x1VPCUOS0-E	Embarrassing Yourself
pac2GB5NOBs	Dissociation
wsMX456nBfc	Disorganized Behaviour
sVo5cWWHcng	Disappointment
sSv66v_pvo0	Defensive
nqU8juNsULU	Connection
qFVnR7MN0P4	Compliments
ePX_2OnN7Dg	Deep Breaths
gPqUzJNP9Qo	Emotional Management
eQiFlFN0Eso	Emotional Intelligence
gOyIdF7FRH0	Emergency Medical Services
b2qGuDAwXVY	Effect
dKdhX7OEujA	Early Identification
lDJVrLO2J2g	Critical
m6shDYr0Yzo	Convulsive Movement (Convulsion)
lmrCp-NYeRY	Consultation
evf7aNCrwvA	Constant Worry
YdnY9HDakio	Emotional Support
Yk0TcMDoXvM	Emotional Breakdown
_j1sK6bhMPg	Distress
aSS3niEF7L4	Disgusted
aTndqo4TDlU	Despair
VZiPMkm5dCE	Deserve
Xjc95RrYDZE	Denying Emotions
WFN2GHqoYi0	Daily Routine
b2S7fGbJABY	Creative
aJSmq2WEXOA	Confused Thoughts
R1KC1RDog3g	Emotionally Vulnerable
Nsfe0Uel7qU	Emotional Numbness
Qr7rCb4FDck	Email Counselling
Nu8fEE0hcNY	Elevated Mood
J-2lb4r3-mg	Early Death
HgDmAg9Dmbk	Drama Therapy
FkBogLOFTLM	Disorganized Disordered Thinking
F9uB15BgM4A	Delirium
RAJcBUFT4l0	Counselling
S8eRU24-w0U	Coping
BOuojhPim0s	Compulsions
67c3rqQcYbY	Entire Identity
3YfF7OMPiFI	Dysregulated
6xqIiFlBSWI	Downhearted
5sDqp-S0G9M	Developmental Disorder
6H_DLWRTn4o	Complex Post Traumatic Stress Disorder (CPTSD)
3MvuseIViKI	Constant Fear
CGr_LZYFM-Y	Consequences
CRCCPGIX-O0	Conditioned
50luDZaM3xk	Complicated Grief
w6-ZsE4B_mo	Intellectual Disability
vLvUrAEBzGY	Home visit
uplb5XI5jrE	Hesitant
jQb-zqsCt-Y	Group Therapy
h2wa4JjWbBY	Fear of Offending Others
hxdtkDg9o6g	Furious
zBUTomL0tZw	Forgetfulness
ke14t9U-RLM	Exposed
gMpbV-_5ZSs	Exist
n_pMTcb0Ljc	Fearful
Znj-A5xxGfc	Legal Aid Services
g5H-YBHfgJk	Lack of Communication
bUa9hfGA3Ec	Insomnia
YIhy_MkfLpU	Hypochondria
duEVIk2dkA4	Hyperfixation
Wc-28iFx9KI	Hyperactivity
gEvEN2agFIA	Healthy Lifestyle
XcthUEiF8lQ	Healthy Boundaries
X2JSVQcunB0	Generational Trauma
eGvakRwwU9Q	Feeling Empty
Gd3mmc2z5-g	Inner Child
EGfwB8vkfvc	Impulsive
LIF1sX0QpoI	Hospice
OjajwEL-fE4	Healthy Stress (Eustress)
GnHnmlfiZQw	Hallucinations Types
OLJ2w5avXO4	Generalized Anxiety Disorder
FVMYuzmnXIQ	First Responders
MnFKwR9MdrU	Fear of Rejection
MqaQTLKVApc	Familiar
EP7SPXjnyAA	Irritability, Irritable Mood
BaVMKKrMA7w	Judgemental
ByB9l2To38Q	Hyper-responsibility
CbX-akRmDCg	Feeling Unworthy
7dByxAd_i-0	Family Problems
BUI1ND2VTwg	Factitious Disorder
9114kOSaDvQ	Excessive Crying
8FCP-N_CrRU	Hyper
AjDF8tptbl8	Humiliated
9hfhy1qoG_8	Healing
6BObXRKeKzs	Feel Safe
0hNRrTpOaLg	Grief
5tHTAS6F9YM	Fear of Judgement
00_k-o0GEvE	Family Therapy
2hDky1Sb-ug	Family History
2eTy19jGk34	Factitious
09cuxVyPyrs	Extremely Aware
3dFGUNESHIk	Excessive Touching
-AkQoQsEQrg	Excessive Planning & Organizing
3dvVnQsyZGI	Highly Sensitive
0b0SwPB4fQE	Helpless
qLa-pBj0uok	Psychotherapy
usDcufO_x3E	Psychosis
s0j0N0I224A	Prenatal Counselling
sJwI8CWmsn0	Postnatal
qSJTfkxnWDk	Performance Anxiety
t2J3zpcxET8	Peer Support
raPkHairbn0	Overwhelmed
r6B2bvGSGuk	Obsessive Compulsive Disorder
tg4VJqiIJTQ	Mental Health
tjuc9oz4p2E	Long Stay Homes
o3OaRrjrs2M	Psychoeducation
jHEe70GIPfY	Postpatrum Depression
ky_Z6HUBcpU	Play Therapy
km-lQIHQ6mo	Physical Symptoms
pO2VavzItU4	Outpatient Services
liLnRSgBTlY	Organise
iu-Y4yC07qQ	Obsessive Thoughts
pLQbatoX8sg	Mental Health Legislation
jSiyNyvkDhY	Lifestyle
jxAcawoY7kM	Manipulation
d_51D6Vhe7o	Mental Health Professional
iASbuZv8wtE	Psychosocial Disabilities
eOjtnsZfFIc	Personality Traits
XcGHylqWK90	Palliative Care and Hospice Care
aXalW3ReYNU	Palliative
bdTGSrb8iBU	Outpatient
WYbSeT-OTqM	Mood Swings
_YE7fsu6tvY	Mental Health Promotion
_MIcExjFQws	Mental Health Policy
f48qzpAaVXA	Medication
Vhs-NlpoGbg	Reciprocation
Jb51njhkWfE	Psychosocial Support
VpbNW0Nc3D0	Psychological First Aid (PFA)
QWLA_DYb9q0	Patient
S_GAB4nsrIs	Mourning
Ks-zUpHb2MM	Mental Health Services
EN2Zb0LRQDM	Mental Disorders
MjPqItcV05k	Meditation
VECrmXv9lD8	Lifeskills
HRscwU759RI	Paranoia
5IKV-ZsLrPA	Prenatal
6UiuoSKbHeE	Parenting
D4w3j77jHeI	Paralyzing
7iumpB23pAk	Panic Attacks
41Lz8FFtOZw	Naturopathy
1FPsV7IXIDw	Mental Health Aid
3V4XHkoSUa4	Lethargy
-n6Ugx9SgYk	Positive Mental Health
BkhXhZitFdo	Physical Abuse
BIVM_csaIh0	Non   Judgemental
plQZRqdTaa4	Schizophrenia
q3qhcyhZeSs	Sickness
s9wwGJ9HnHk	Sensitive
tj-fETuV9DI	Vulnerable
vLLmHnYli5c	Wandering (by those with dementia)
vmRpGIehjn4	Slurred Speech
wfqP3vyG2N0	Stress Management Techniques
x83kCYjLC8s	Social Network
efJ49iTzgq8	Regulate Emotions
i3XmJM5A5HU	Sedation
j44WonkPw3E	Withdrawn
k5vn0LLIlhg	Trauma
kRfo4INCpww	Suicidal Thoughts, Ideation Behaviour
mYmrFJI-V34	Sexual Abuse
o1SC6B92aB8	Self-help Groups
o_SUe4wvcaI	Relaxation Training
p8GVYcTyccg	Suicide Attempt
pF5iCywFtqY	Validate
TbSAcP4FAwE	Self-harm, suicide
VY0hRGHF5nw	Thoughts
VjxaAFF4LBU	Suspicious
VnJBSULO6jk	Temper tantrum
VokQ9ZXCEPc	Tantrums
XIpTmTzyM6A	Well-being
Yp-fx6mcfRU	Video Counselling
YrCqAeAMzOI	Self Awareness
ZktM2KYgn6s	Social Withdrawal
dfa2h3JcVV0	Substance Use
N07BnP0jpLU	Tele-counselling
9hiD9ilr96M	Symptoms
BnuI9sKJRcY	Red Flag
C--W50zGYWE	Repeated Intrusive Thoughts
F3zUdfw86H4	Self-Care
G7Nf-cWr05E	Relapse
GEhN6eweCkM	Social wellbeing
HnjkIEpDaKs	Relief
J0OJkQwjMOU	Reckless Behaviour
SSLzBHGiAbg	Traditional Healing
0wXWD5oDLf8	Violence (domestic, emotional, intellectual)
2-_Hj0dxL8A	Referrals
27O4PhSA7ec	Respite Care
45Hb4ZITJxo	Temporary Relief
4sNKrgneyGo	Self Esteem
556v0bR5WOI	Unfamiliar
6bxEJKpoJ7Q	Short-stay Home
7W0whIuXE04	Somatoform Disorder
7k1fwc6_nKg	Trigger (event , person, situation)
9_U53neGH1o	Suicide Prevention Centres
cuAccXlOIqc	Dialogue (Travelling)
4pXqQ_ZNyV0	Dialogue (School)
Q4Op11w6-Qk	Classroom Objects
cEi5Mr7K_qA	Handshapes
sNW9dXNy2vU	Number Story in Indian Sign Language (ISL)
gjEX78j4hCI	Number
yhzVyJb6o4k	Opposite
e7rtPSmM7l0	Dialogue (Police)
mgMbzf5h-o0	Dialogue (Vegetable Market)
oy2Gt0SzZnU	Body Parts | Indian Sign Language | Education
8Au5-q38mcU	Direction | Indian Sign Language | Education
PGszRDkgr3A	Profession | Indian Sign Language | Education
U66xltPxeGw	Greeting-I | Indian Sign Language
X34sm62vL1E	Greeting-II | Indian Sign Language
VklFKWhOIrY	Introductions | Indian Sign Language
xNSccED34Tc	Dialogue-Introductions | Indian Sign Language
EUZ4Mspw00c	Facial Expressions | Indian Sign Language
bZ-jN6fcRbg	Shapes | Indian Sign Language
Rpg3ENcvlmY	Health and Ailments
w8QCTNZwdk0	Classroom School Objects
9pEDq_TgREw	Household
nyyYon8MVio	Short Story
Vv-lGIShZH8	Weather Nature and Environment
